ISSN,全名,中文全名,年文章量,投稿难易度,初审周期,主页
0920-5691,international journal of computer vision,国际计算机视觉杂志,102,很难,"偏慢,4-8周",https://www.springer.com/computer/image+processing/journal/11263
0162-8828,ieee transactions on pattern analysis and machine intelligence,IEEE模式分析与机器智能汇刊,360,较难,"较快,2-4周",https://ieeexplore.ieee.org/xpl/RecentIssue.jsp?punumber=34
2168-2267,IEEE TRANSACTIONS ON CYBERNETICS,IEEE控制论汇刊,1077,较难,"超快,1-2周",https://www.ieee.org/membership-catalog/productdetail/showProductDetailPage.html?product=PER169-PRT
1063-6706,ieee transactions on fuzzy systems,模糊系统的IEEE汇刊,286,命中率约25%,平均12月,https://ieeexplore.ieee.org/xpl/RecentIssue.jsp?punumber=91
1089-778X,ieee transactions on evolutionary computation,进化计算汇刊,61,较难,"较慢,6-12周",https://ieeexplore.ieee.org/xpl/RecentIssue.jsp?punumber=4235
2162-237X,IEEE Transactions on Neural Networks and Learning Systems,IEEE神经网络与学习系统汇刊,499,较难,"较快,2-4周",http://www.medsci.cn/sci/url.do?id=dec412160&q=w
0893-6080,neural networks,神经网络,287,较难,"一般,3-6周",https://www.elsevier.com/journals/neural-networks/0893-6080
1566-2535,Information Fusion,信息融合,78,较难,"较慢,6-12周",https://www.journals.elsevier.com/information-fusion/
1556-603X,IEEE Computational Intelligence Magazine,IEEE计算智能杂志,23,较难,约稿?周期不定,https://ieeexplore.ieee.org/xpl/RecentIssue.jsp?punumber=10207
1361-8415,medical image analysis,医学图像分析,444,命中率约25%,平均3月,https://www.elsevier.com/journals/medical-image-analysis/1361-8415
1057-7149,ieee transactions on image processing,IEEE图像处理汇刊,863,很难,"超快,1-2周",https://ieeexplore.ieee.org/xpl/RecentIssue.jsp?punumber=83
1949-3045,IEEE TRANSACTIONS ON AFFECTIVE COMPUTING,IEEE情感计算汇刊,45,,>12周，或约稿,https://www.computer.org/web/tac
0129-0657,international journal of neural systems,国际神经系统杂志,48,一般,>12周，或约稿,https://www.worldscientific.com/worldscinet/ijns
0950-7051,knowledge-based systems,基于知识的系统,371,命中率约32.5%,平均12.月,https://www.journals.elsevier.com/knowledge-based-systems/
0941-0643,neural computing & applications,神经计算与应用,411,命中率约75%,平均3月,https://www.ariessys.com/
0031-3203,pattern recognition,模式识别,775,命中率约25%,平均3月,https://www.journals.elsevier.com/pattern-recognition/
1568-4946,applied soft computing,应用软计算,622,命中率约25%,平均24月,https://www.elsevier.com/journals/applied-soft-computing/1568-4946
2210-6502,Swarm and Evolutionary Computation,群体与进化计算,59,,"较慢,6-12周",https://www.journals.elsevier.com/swarm-and-evolutionary-computation/
0269-2821,artificial intelligence review,人工智能综述,38,一般,>12周，或约稿,https://www.springer.com/new+&+forthcoming+titles+%28default%29/journal/10462
0957-4174,expert systems with applications,具有应用程序的专家系统,1229,命中率约50%,平均15.月,https://www.elsevier.com/journals/expert-systems-with-applications/0957-4174
1069-2509,integrated computer-aided engineering,综合计算机辅助工程,26,一般,>12周，或约稿,https://content.iospress.com/journals/integrated-computer-aided-engineering/Preprint/Preprint
0956-5515,journal of intelligent manufacturing,智能制造杂志,284,较易,"一般,3-6周",https://www.springer.com/business+&+management/operations+research/journal/10845
0167-9236,decision support systems,决策支持系统,121,命中率约50%,平均3月,https://www.journals.elsevier.com/decision-support-systems/
1866-9956,Cognitive Computation,认知计算,90,,"较慢,6-12周",https://www.springer.com/biomed/neuroscience/journal/12559
0884-8173,international journal of intelligent systems,国际智能系统杂志,64,一般,"较慢,6-12周",https://onlinelibrary.wiley.com/journal/1098111x
1474-0346,advanced engineering informatics,高级工程信息学,151,较难,"一般,3-8周",https://www.elsevier.com/journals/advanced-engineering-informatics/1474-0346
0925-2312,neurocomputing,神经计算,1118,命中率约31%,平均12.月,https://www.elsevier.com/journals/neurocomputing/0925-2312
0004-3702,artificial intelligence,人工智能,92,一般,"较慢,6-12周",https://www.elsevier.com/journals/artificial-intelligence/0004-3702
2157-6904,ACM TRANSACTIONS ON INTELLIGENT SYSTEMS AND TECHNOLOGY,智能系统与技术交流会,82,命中率约50%,平均3月,https://tist.acm.org/
1943-0604,IEEE transactions on autonomous mental development,IEEE自主精神发展汇刊,0,较易,>12周，或约稿,http://www.medsci.cn/sci/url.do?id=7c5b12157&q=w
0933-3657,artificial intelligence in medicine,医学人工智能,167,容易,"一般,3-8周",https://www.journals.elsevier.com/artificial-intelligence-in-medicine/
0952-1976,engineering applications of artificial intelligence,人工智能的工程应用,1035,容易,"超快,1-2周",https://www.elsevier.com/journals/engineering-applications-of-artificial-intelligence/0952-1976
1041-4347,ieee transactions on knowledge and data engineering,IEEE知识与数据工程汇刊,383,较易,"较快,2-4周",https://ieeexplore.ieee.org/xpl/RecentIssue.jsp?punumber=69
0169-7439,chemometrics and intelligent laboratory systems,化学计量学和智能实验室系统,1156,较易,"超快,1-2周",https://www.elsevier.com/journals/chemometrics-and-intelligent-laboratory-systems/0169-7439
1868-8071,International Journal of Machine Learning and Cybernetics,国际机器学习与控制论杂志,156,命中率约50%,平均2月,https://ij-healthgeographics.biomedcentral.com/
0921-8890,robotics and autonomous systems,机器人和自主系统,681,容易,"很快,2-3周",https://www.journals.elsevier.com/robotics-and-autonomous-systems/
1662-5218,Frontiers in Neurorobotics,神经机器人学的前沿,131,,"偏慢,4-8周",https://www.frontiersin.org/journals/neurorobotics
1541-1672,IEEE Intelligent Systems,IEEE智能系统,121,较易,"偏慢,4-8周",https://ieeexplore.ieee.org/xpl/RecentIssue.jsp?punumber=9670
2168-2291,IEEE TRANSACTIONS ON HUMAN-MACHINE SYSTEMS,IEEE人机系统汇刊,104,较易,"偏慢,4-8周",http://www.ieeesmc.org/publications/transactions-on-human-machine-systems
1384-5810,data mining and knowledge discovery,数据挖掘和知识发现,61,较易,"较慢,6-12周",https://link.springer.com/journal/10618
0957-4158,mechatronics,机电一体化,475,容易,"较快,2-4周",https://www.journals.elsevier.com/mechatronics/
1562-2479,INTERNATIONAL JOURNAL OF FUZZY SYSTEMS,国际模糊系统杂志,456,,"较快,2-4周",http://www.ijfs.org.tw/
1077-3142,computer vision and image understanding,计算机视觉与图像理解,301,容易,"较快,2-4周",https://www.elsevier.com/journals/computer-vision-and-image-understanding/1077-3142
1063-6560,EVOLUTIONARY COMPUTATION,进化计算,23,较易,>12周，或约稿,https://www.mitpressjournals.org/loi/evco
1432-7643,soft computing,软计算,539,容易,"很快,2-3周",https://www.springer.com/engineering/computational+intelligence+and+complexity/journal/500
1936-4954,SIAM JOURNAL ON IMAGING SCIENCES,暹罗影像科学杂志,304,,"较快,2-4周",https://www.siam.org/Publications/Journals/SIAM-Journal-on-Imaging-Sciences-SIIMS
1532-4435,journal of machine learning research,机器学习研究杂志,379,较难,平均2月,http://jmlr.org/
1758-0366,International Journal of Bio-Inspired Computation,国际生物启发计算杂志,49,较易,>12周，或约稿,https://www.inderscience.com/jhome.php?jcode=ijbic
0219-1377,knowledge and information systems,知识和信息系统,125,命中率约50%,平均12月,https://www.springer.com/computer/information+systems+and+applications/journal/10115
0929-5593,autonomous robots,自主机器人,90,较易,"较慢,6-12周",https://www.springer.com/engineering/control/journal/10514
1570-0844,Semantic Web,语义网,55,较易,"较慢,6-12周",https://www.w3.org/standards/semanticweb/
0262-8856,image and vision computing,图像与视觉计算,337,命中率约20%,平均6月,https://www.journals.elsevier.com/image-and-vision-computing/
1568-4539,FUZZY OPTIMIZATION AND DECISION MAKING,模糊优化与决策,25,较易,>12周，或约稿,https://link.springer.com/journal/10700
1875-6891,INTERNATIONAL JOURNAL OF COMPUTATIONAL INTELLIGENCE SYSTEMS,国际计算智能系统杂志,96,命中率约25%,平均24月,http://www.medsci.cn/sci/url.do?id=45ee10301&q=w
0924-669X,applied intelligence,应用智能,137,容易,"偏慢,4-8周",https://www.editorialmanager.com/apin/default.aspx
2379-8920,IEEE TRANSACTIONS ON COGNITIVE AND DEVELOPMENTAL SYSTEMS,翻译出错!,48,较易,>12周，或约稿,http://www.medsci.cn/sci/url.do?id=543513034&q=w
0167-8655,pattern recognition letters,模式识别字母,257,命中率约37.5%,平均4.5月,https://www.elsevier.com/journals/pattern-recognition-letters/0167-8655
1942-4787,WILEY INTERDISCIPLINARY REVIEWS-DATA MINING AND KNOWLEDGE DISCOVERY,威利跨学科回顾-数据挖掘和知识发现,24,较易,>12周，或约稿,http://www.medsci.cn/sci/url.do?id=515b12120&q=w
0924-9907,journal of mathematical imaging and vision,数学成像与视觉杂志,150,较易,"一般,3-8周",https://link.springer.com/journal/10851
1865-9284,Memetic Computing,记忆计算,29,命中率约50%,平均3月,https://www.springer.com/engineering/computational+intelligence+and+complexity/journal/12293
0885-6125,machine learning,机器学习,75,较易,"较慢,6-12周",https://link.springer.com/journal/10994
2047-4938,IET Biometrics,IET生物特征识别,55,较易,"较慢,6-12周",https://digital-library.theiet.org/content/journals/iet-bmt
1370-4621,neural processing letters,神经处理字母,124,容易,"偏慢,4-8周",https://www.editorialmanager.com/nepl/default.aspx
0885-2308,computer speech and language,计算机语言,92,较易,"较慢,6-12周",https://www.journals.elsevier.com/computer-speech-and-language/
0888-613X,international journal of approximate reasoning,国际近似推理杂志,193,命中率约25%,平均12月,https://www.elsevier.com/journals/international-journal-of-approximate-reasoning/0888-613X
0219-6220,international journal of information technology & decision making,国际信息技术与决策杂志,67,较易,"较慢,6-12周",https://www.worldscientific.com/worldscinet/ijitdm
1641-876X,INTERNATIONAL JOURNAL OF APPLIED MATHEMATICS AND COMPUTER SCIENCE,国际应用数学与计算机科学杂志,240,,"一般,3-6周",https://www.amcs.uz.zgora.pl/
0899-7667,neural computation,神经计算,215,较易,"一般,3-6周",https://www.mitpressjournals.org/loi/neco
0921-0296,journal of intelligent & robotic systems,智能与机器人系统杂志,165,容易,"一般,3-8周",https://www.springer.com/engineering/control/journal/10846
1861-8200,JOURNAL OF REAL-TIME IMAGE PROCESSING,实时图像处理杂志,228,,"一般,3-6周",https://www.springer.com/computer/image+processing/journal/11554
1935-3812,SWARM INTELLIGENCE,群体智能,26,较易,>12周，或约稿,https://link.springer.com/journal/11721
0886-9383,journal of chemometrics,化学计量学杂志,491,容易,"较快,2-4周",https://onlinelibrary.wiley.com/journal/1099128x
0169-023X,data & knowledge engineering,数据与知识工程,32,命中率约75%,平均12月,https://www.journals.elsevier.com/data-and-knowledge-engineering/
1389-2576,GENETIC PROGRAMMING AND EVOLVABLE MACHINES,遗传规划与进化机器,29,容易,>12周，或约稿,https://www.springer.com/new+&+forthcoming+titles+%28default%29/journal/10710
0266-4720,expert systems,专家系统,52,容易,"较慢,6-12周",https://onlinelibrary.wiley.com/journal/14680394
1064-1246,journal of intelligent & fuzzy systems,智能与模糊系统杂志,740,命中率约50%,平均7月,https://content.iospress.com/journals/journal-of-intelligent-and-fuzzy-systems/Preprint/Preprint
1389-0417,cognitive systems research,认知系统研究,120,容易,"偏慢,4-8周",https://www.journals.elsevier.com/cognitive-systems-research/
1868-5137,Journal of Ambient Intelligence and Humanized Computing,环境智能与人性化计算杂志,156,容易,"一般,3-8周",https://www.springer.com/engineering/computational+intelligence+and+complexity/journal/12652
1751-9659,IET Image Processing,IET图像处理,605,容易,"很快,2-3周",https://digital-library.theiet.org/content/journals/iet-ipr
0824-7935,computational intelligence,计算智能,40,容易,>12周，或约稿,https://onlinelibrary.wiley.com/journal/14678640
1570-8268,journal of web semantics,网络语义学杂志,23,容易,>12周，或约稿,https://www.journals.elsevier.com/journal-of-web-semantics/
0168-7433,journal of automated reasoning,自动推理杂志,35,容易,>12周，或约稿,https://www.springer.com/computer/theoretical+computer+science/journal/10817
0891-2017,空,翻译出错!,空,空,空,空
0932-8092,machine vision and applications,机器视觉与应用,132,容易,"偏慢,4-8周",https://www.springer.com/computer/image+processing/journal/138
1433-2833,International Journal on Document Analysis and Recognition,国际文献分析与识别杂志,16,容易,>12周，或约稿,https://www.springer.com/computer/image+processing/journal/10032
1433-7541,pattern analysis and applications,模式分析与应用,85,命中率约58.33%,平均7月,https://www.springer.com/computer/image+processing/journal/10044
1076-9757,journal of artificial intelligence research,人工智能研究杂志,68,容易,"较慢,6-12周",https://www.jair.org/index.php/jair
1556-4665,ACM TRANSACTIONS ON AUTONOMOUS AND ADAPTIVE SYSTEMS,关于自主和自适应系统的ACM事务,22,容易,>12周，或约稿,https://taas.acm.org/
1387-2532,autonomous agents and multi-agent systems,自主代理和多代理系统,147,容易,"偏慢,4-8周",https://www.springer.com/new+&+forthcoming+titles+%28default%29/journal/10458
0218-4885,international journal of uncertainty fuzziness and knowledge-based systems,国际不确定性、模糊性和知识系统杂志,66,命中率约50%,平均6月,https://www.worldscientific.com/page/ijufks/editorial-board
1783-7677,JOURNAL ON MULTIMODAL USER INTERFACES,多模式用户界面杂志,24,容易,>12周，或约稿,https://www.springer.com/computer/hci/journal/12193
1381-1231,journal of heuristics,启发学杂志,20,容易,>12周，或约稿,https://link.springer.com/journal/10732
0925-9902,journal of intelligent information systems,智能信息系统杂志,48,容易,>12周，或约稿,https://www.springer.com/computer/database+management+&+information+retrieval/journal/10844
1751-9632,IET Computer Vision,IET计算机视觉,162,命中率约50%,平均1月,http://www.medsci.cn/sci/url.do?id=03bd3054&q=w
0269-8889,knowledge engineering review,知识工程评审,12,命中率约50%,平均12月,http://www.medsci.cn/sci/url.do?id=fb8a4526&q=w
0890-0604,ai edam-artificial intelligence for engineering design analysis and manufacturing,用于工程设计分析和制造的人工智能,74,容易,"较慢,6-12周",http://www.medsci.cn/sci/url.do?id=f634255&q=w
0738-4602,ai magazine,人工智能杂志,53,容易,"较慢,6-12周",http://www.aaai.org/Magazine/magazine.php
0218-0014,international journal of pattern recognition and artificial intelligence,国际模式识别与人工智能杂志,144,命中率约75%,平均12月,https://www.worldscientific.com/worldscinet/ijprai
0952-813X,journal of experimental & theoretical artificial intelligence,实验与理论人工智能杂志,74,容易,"较慢,6-12周",http://www.medsci.cn/sci/url.do?id=3bd03768&q=w
1059-7123,adaptive behavior,适应性行为,20,容易,>12周，或约稿,https://en.wikipedia.org/wiki/Adaptive_behavior
0954-0091,connection science,连接科学,35,容易,>12周，或约稿,https://www.tandfonline.com/loi/ccos20
1012-2443,annals of mathematics and artificial intelligence,数学与人工智能年鉴,106,容易,"偏慢,4-8周",https://www.editorialmanager.com/amai/default.aspx
1064-5462,artificial life,人工生命,28,容易,>12周，或约稿,https://www.mitpressjournals.org/loi/artl
1943-068X,IEEE Transactions on Computational Intelligence and AI in Games,计算智能与人工智能在游戏中的应用,34,容易,>12周，或约稿,http://www.medsci.cn/sci/url.do?id=a03f12158&q=w
1876-1364,JOURNAL OF AMBIENT INTELLIGENCE AND SMART ENVIRONMENTS,环境智能与智能环境杂志,122,容易,"偏慢,4-8周",https://www.iospress.nl/journal/journal-of-ambient-intelligence-and-smart-environments/
1932-1864,Statistical Analysis and Data Mining,统计分析与数据挖掘,60,容易,"较慢,6-12周",https://onlinelibrary.wiley.com/journal/19321872
1567-7818,NATURAL COMPUTING,自然计算,50,容易,"较慢,6-12周",https://link.springer.com/journal/11047
0924-6495,minds and machines,思想和机器,34,容易,>12周，或约稿,https://link.springer.com/journal/11023
1392-124X,INFORMATION TECHNOLOGY AND CONTROL,信息技术与控制,113,容易,"偏慢,4-8周",http://itc.ktu.lt/index.php/ITC
1351-3249,NATURAL LANGUAGE ENGINEERING,自然语言工程,39,容易,>12周，或约稿,http://www.medsci.cn/sci/url.do?id=29dd11649&q=w
1552-6283,International Journal on Semantic Web and Information Systems,国际语义网络与信息系统杂志,34,容易,>12周，或约稿,http://www.medsci.cn/sci/url.do?id=81217495&q=w
2212-683X,Biologically Inspired Cognitive Architectures,生物启发的认知架构,47,容易,>12周，或约稿,https://www.journals.elsevier.com/biologically-inspired-cognitive-architectures
1570-5838,APPLIED ONTOLOGY,应用本体论,17,容易,>12周，或约稿,https://www.iospress.nl/journal/applied-ontology/
0954-898X,network-computation in neural systems,神经系统中的网络计算,18,容易,>12周，或约稿,https://www.tandfonline.com/toc/inet20/current
1582-7445,ADVANCES IN ELECTRICAL AND COMPUTER ENGINEERING,电气与计算机工程进展,62,容易,"较慢,6-12周",http://www.aece.ro/
1088-467X,Intelligent Data Analysis,智能数据分析,91,容易,"较慢,6-12周",https://www.iospress.nl/journal/intelligent-data-analysis/
1383-7133,constraints,约束条件,23,容易,>12周，或约稿,https://link.springer.com/journal/10601
1079-8587,intelligent automation and soft computing,智能自动化与软计算,200,容易,"一般,3-6周",https://www.tandfonline.com/toc/tasj20/current
0127-9084,MALAYSIAN JOURNAL OF COMPUTER SCIENCE,马来西亚计算机科学杂志,20,容易,>12周，或约稿,http://ejum.fsktm.um.edu.my/VolumeListing.aspx?JournalID=4
0883-9514,applied artificial intelligence,应用人工智能,29,命中率约25%,平均6月,http://www.medsci.cn/sci/url.do?id=31c8569&q=w
1300-0632,TURKISH JOURNAL OF ELECTRICAL ENGINEERING AND COMPUTER SCIENCES,土耳其电气工程与计算机科学杂志,389,容易,"较快,2-4周",http://journals.tubitak.gov.tr/elektrik/index.htm
0218-2130,international journal on artificial intelligence tools,国际人工智能工具杂志,56,容易,"较慢,6-12周",https://www.worldscientific.com/worldscinet/ijait
1064-2307,journal of computer and systems sciences international,国际计算机与系统科学杂志,81,容易,"较慢,6-12周",https://www.springer.com/engineering/control/journal/11488
0925-8531,Journal of Logic Language and Information,逻辑语言与信息杂志,42,容易,>12周，或约稿,https://www.springer.com/philosophy/logic+and+philosophy+of+language/journal/10849
1210-0552,neural network world,神经网络世界,34,容易,>12周，或约稿,http://www.nnw.cz/
1683-3198,INTERNATIONAL ARAB JOURNAL OF INFORMATION TECHNOLOGY,国际阿拉伯信息技术杂志,175,容易,"一般,3-8周",http://iajit.org/
0921-7126,ai communications,人工智能通信,26,容易,>12周，或约稿,https://www.iospress.nl/journal/ai-communications/
1542-3980,journal of multiple-valued logic and soft computing,多值逻辑与软计算杂志,195,容易,"一般,3-8周",http://www.medsci.cn/sci/url.do?id=00e94082&q=w
1335-9150,computing and informatics,计算与信息学,52,容易,"较慢,6-12周",http://www.cai.sk/
0218-1940,international journal of software engineering and knowledge engineering,国际软件工程与知识工程杂志,132,容易,"偏慢,4-8周",https://www.worldscientific.com/worldscinet/ijseke
2375-4699,ACM TRANSACTIONS ON ASIAN AND LOW-RESOURCE LANGUAGE INFORMATION PROCESSING,亚洲和低资源语言信息处理的ACM事务,23,容易,>12周，或约稿,http://www.medsci.cn/sci/url.do?id=d09e13050&q=w
0765-0019,TRAITEMENT DU SIGNAL,训练du信号,15,容易,>12周，或约稿,https://link.springer.com/chapter/10.1007/978-3-642-54616-7_12
2168-2267,IEEE TRANSACTIONS ON CYBERNETICS,IEEE控制论汇刊,1077,较难,"超快,1-2周",https://www.ieee.org/membership-catalog/productdetail/showProductDetailPage.html?product=PER169-PRT
2168-2216,IEEE TRANSACTIONS ON SYSTEMS MAN CYBERNETICS-SYSTEMS,美国电气与电子工程师协会系统汇刊-控制论-系统,852,,"超快,1-2周",https://www.ieee.org/membership-catalog/productdetail/showProductDetailPage.html?product=PER127-PRT
1949-3045,IEEE TRANSACTIONS ON AFFECTIVE COMPUTING,IEEE情感计算汇刊,45,,>12周，或约稿,https://www.computer.org/web/tac
0737-0024,human-computer interaction,人机交互,17,较难,>12周，或约稿,https://www.tandfonline.com/toc/hhci20/current
0924-1868,user modeling and user-adapted interaction,用户建模和用户适应性交互,12,较易,>12周，或约稿,http://umuai.org/
2168-2291,IEEE TRANSACTIONS ON HUMAN-MACHINE SYSTEMS,IEEE人机系统汇刊,104,较易,"偏慢,4-8周",http://www.ieeesmc.org/publications/transactions-on-human-machine-systems
1071-5819,international journal of human-computer studies,国际人类计算机研究杂志,190,较易,平均24月,https://www.elsevier.com/journals/international-journal-of-human-computer-studies/1071-5819
1939-1412,IEEE TRANSACTIONS ON HAPTICS,IEEE触觉汇刊,53,较易,"较慢,6-12周",https://www.ieee.org/membership-catalog/productdetail/showProductDetailPage.html?product=PER213-EAC&refProd=MEMC016
0340-1200,biological cybernetics,生物控制论,54,容易,"较慢,6-12周",https://link.springer.com/journal/422
0144-929X,behaviour & information technology,行为与信息技术,205,命中率约25%,平均6月,http://www.medsci.cn/sci/url.do?id=d8e71006&q=w
0932-8092,machine vision and applications,机器视觉与应用,132,容易,"偏慢,4-8周",https://www.springer.com/computer/image+processing/journal/138
1044-7318,international journal of human-computer interaction,国际人机交互杂志,168,容易,"一般,3-8周",http://www.medsci.cn/sci/url.do?id=f9f41892&q=w
0196-9722,cybernetics and systems,控制论与系统,33,容易,>12周，或约稿,https://www.tandfonline.com/toc/ucbs20/current
1615-5289,UNIVERSAL ACCESS IN THE INFORMATION SOCIETY,信息社会中的普遍获取,160,容易,"一般,3-8周",https://www.springer.com/computer/hci/journal/10209
1783-7677,JOURNAL ON MULTIMODAL USER INTERFACES,多模式用户界面杂志,24,容易,>12周，或约稿,https://www.springer.com/computer/hci/journal/12193
0368-492X,kybernetes,基伯内斯,103,命中率约50%,平均3月,http://www.emeraldgrouppublishing.com/products/journals/journals.htm?id=k
1073-0516,ACM TRANSACTIONS ON COMPUTER-HUMAN INTERACTION,计算机与人的交互交流,35,容易,>12周，或约稿,http://tochi.acm.org/
0953-5438,interacting with computers,与计算机交互,104,容易,"偏慢,4-8周",https://academic.oup.com/iwc
0332-7353,modeling identification and control,建模识别与控制,45,容易,>12周，或约稿,https://www.itk.ntnu.no/publikasjoner/mic/mic.html
0023-5954,kybernetika,凯贝内蒂卡,64,容易,"较慢,6-12周",http://www.kybernetika.cz/
1064-2307,journal of computer and systems sciences international,国际计算机与系统科学杂志,81,容易,"较慢,6-12周",https://www.springer.com/engineering/control/journal/11488
1054-7460,presence-teleoperators and virtual environments,现场远程操作员和虚拟环境,13,容易,>12周，或约稿,https://www.mitpressjournals.org/loi/pres
1536-1284,ieee wireless communications,IEEE无线通信,513,较难,"很快,2-3周",https://www.comsoc.org/publications/ieee-communications-society-digital-library
2162-237X,IEEE Transactions on Neural Networks and Learning Systems,IEEE神经网络与学习系统汇刊,499,较难,"较快,2-4周",http://www.medsci.cn/sci/url.do?id=dec412160&q=w
0890-8044,ieee network,IEEE网络,338,较难,"较快,2-4周",https://ieeexplore.ieee.org/xpl/RecentIssue.jsp?punumber=65
1545-5971,ieee transactions on dependable and secure computing,关于可靠和安全计算的IEEE事务,55,一般,"较慢,6-12周",https://ieeexplore.ieee.org/xpl/RecentIssue.jsp?punumber=8858
1084-8045,journal of network and computer applications,网络与计算机应用杂志,269,较易,"一般,3-6周",http://www.medsci.cn/sci/url.do?id=2a354101&q=w
1063-6692,ieee-acm transactions on networking,IEEE ACM网络事务,1137,较难,"超快,1-2周",http://www.medsci.cn/sci/url.do?id=da482812&q=w
0001-0782,communications of the acm,ACM的通信,307,较难,"较快,2-4周",https://cacm.acm.org/
0018-9340,ieee transactions on computers,IEEE计算机汇刊,332,较难,"较快,2-4周",https://ieeexplore.ieee.org/xpl/RecentIssue.jsp?punumber=12
1943-0620,Journal of Optical Communications and Networking,光通信与网络杂志,542,,"很快,2-3周",https://www.osapublishing.org/jocn/journal/jocn/about.cfm
0018-9529,ieee transactions on reliability,IEEE可靠性事务,202,命中率约25%,平均6月,https://ieeexplore.ieee.org/xpl/RecentIssue.jsp?punumber=24
1066-8888,vldb journal,VLDB期刊,39,较易,>12周，或约稿,https://link.springer.com/journal/778
1389-1286,COMPUTER NETWORKS,计算机网络,1192,容易,"超快,1-2周",https://www.journals.elsevier.com/computer-networks
1383-469X,mobile networks & applications,移动网络和应用程序,269,容易,"一般,3-6周",https://link.springer.com/journal/11036
0278-0070,ieee transactions on computer-aided design of integrated circuits and systems,IEEE集成电路与系统计算机辅助设计汇刊,333,容易,"较快,2-4周",https://ieeexplore.ieee.org/xpl/RecentIssue.jsp?punumber=43
1094-3420,international journal of high performance computing applications,国际高性能计算应用杂志,41,较易,>12周，或约稿,https://journals.sagepub.com/home/hpc
0018-9162,computer,计算机,216,容易,"一般,3-6周",https://ieeexplore.ieee.org/xpl/RecentIssue.jsp?punumber=2
0272-1732,ieee micro,IEEE微,68,较易,"较慢,6-12周",https://ieeexplore.ieee.org/xpl/RecentIssue.jsp?punumber=40
1070-986X,ieee multimedia,ieee多媒体杂志,46,较易,>12周，或约稿,https://ieeexplore.ieee.org/xpl/RecentIssue.jsp?punumber=93
0166-5316,performance evaluation,绩效评价,53,较易,"较慢,6-12周",https://www.journals.elsevier.com/performance-evaluation/
0045-7906,computers & electrical engineering,计算机与电气工程,518,命中率约50%,平均6月,http://www.medsci.cn/sci/url.do?id=e4ba1691&q=w
1063-8210,ieee transactions on very large scale integration (vlsi) systems,超大规模集成（VLSI）系统的IEEE汇刊,632,容易,"很快,2-3周",https://ieeexplore.ieee.org/xpl/tocresult.jsp?isnumber=5393244&isYear=2010
0004-5411,journal of the acm,ACM杂志,40,较易,>12周，或约稿,https://jacm.acm.org/
1550-4832,ACM JOURNAL ON EMERGING TECHNOLOGIES IN COMPUTING SYSTEMS,计算机系统新兴技术学报,200,,"一般,3-6周",https://jetc.acm.org/
2168-2356,IEEE DESIGN & TEST,IEEE设计与测试,168,,"一般,3-8周",https://www.ieee.org/membership-catalog/productdetail/showProductDetailPage.html?product=PER311-EPC
0920-8542,journal of supercomputing,超级计算杂志,505,容易,"很快,2-3周",https://www.springer.com/computer/swe/journal/11227
1556-6056,IEEE COMPUTER ARCHITECTURE LETTERS,IEEE计算机体系结构字母,41,较易,>12周，或约稿,https://www.ieee.org/membership-catalog/productdetail/showProductDetailPage.html?product=PER205-EPC&refProd=MEMC016
0065-2458,advances in computers,计算机进展,18,较易,>12周，或约稿,https://www.elsevier.com/books/book-series/advances-in-computers
0022-0000,journal of computer and system sciences,计算机与系统科学杂志,111,容易,"偏慢,4-8周",https://www.journals.elsevier.com/journal-of-computer-and-system-sciences/
0920-5489,computer standards & interfaces,计算机标准和接口,96,容易,"较慢,6-12周",https://www.journals.elsevier.com/computer-standards-and-interfaces/
2162-2248,IEEE CONSUMER ELECTRONICS MAGAZINE,IEEE消费电子杂志,390,容易,"较快,2-4周",http://www.medsci.cn/sci/url.do?id=32d513189&q=w
2210-5379,Sustainable Computing-Informatics & Systems,可持续计算信息学与系统,28,容易,>12周，或约稿,https://www.sciencedirect.com/journal/sustainable-computing-informatics-and-systems
0141-9382,displays,显示器,181,容易,"一般,3-8周",https://www.journals.elsevier.com/displays/
1539-9087,ACM TRANSACTIONS ON EMBEDDED COMPUTING SYSTEMS,嵌入式计算系统的ACM事务,163,容易,"一般,3-8周",https://tecs.acm.org/
1544-3566,ACM TRANSACTIONS ON ARCHITECTURE AND CODE OPTIMIZATION,ACM体系结构和代码优化事务,55,容易,"较慢,6-12周",https://dl.acm.org/citation.cfm?id=J924
0028-3045,networks,网络,58,容易,"较慢,6-12周",https://onlinelibrary.wiley.com/journal/10970037
0141-9331,microprocessors and microsystems,微处理器和微系统,328,容易,"较快,2-4周",https://www.journals.elsevier.com/microprocessors-and-microsystems/
1936-7406,ACM TRANSACTIONS ON RECONFIGURABLE TECHNOLOGY AND SYSTEMS,关于可重构技术和系统的ACM事务,20,容易,>12周，或约稿,https://dl.acm.org/citation.cfm?id=2940351
0840-8688,canadian journal of electrical and computer engineering-revue canadienne de genie electrique et informatique,加拿大电气与计算机工程杂志，加拿大电气与信息评论,52,容易,"较慢,6-12周",http://journal.ieee.ca/
0018-8646,ibm journal of research and development,IBM研究与开发杂志,53,容易,"较慢,6-12周",http://www.medsci.cn/sci/url.do?id=95bb2786&q=w
1553-3077,ACM TRANSACTIONS ON STORAGE,ACM存储事务,40,容易,>12周，或约稿,https://tos.acm.org/
1383-7621,journal of systems architecture,系统体系结构杂志,92,命中率约25%,平均6月,https://www.journals.elsevier.com/journal-of-systems-architecture/
0167-9260,integration-the vlsi journal,集成VLSI日志,224,容易,"一般,3-6周",https://www.elsevier.com/journals/integration/0167-9260
1000-9000,journal of computer science and technology,计算机科学与技术杂志,101,容易,"偏慢,4-8周",https://www.springer.com/computer/journal/11390
1084-4309,acm transactions on design automation of electronic systems,电子系统设计自动化学报,68,容易,"较慢,6-12周",https://todaes.acm.org/
0267-6192,computer systems science and engineering,计算机系统科学与工程,42,容易,>12周，或约稿,http://www.medsci.cn/sci/url.do?id=90fb1725&q=w
0925-1030,analog integrated circuits and signal processing,模拟集成电路与信号处理,397,容易,"较快,2-4周",http://www.medsci.cn/sci/url.do?id=f3a0397&q=w
0010-4620,computer journal,计算机期刊,130,命中率约20%,平均3月,https://academic.oup.com/comjnl
0288-3635,new generation computing,新一代计算,23,容易,>12周，或约稿,https://www.springer.com/new+&+forthcoming+titles+%28default%29/journal/354
1751-8601,IET COMPUTERS AND DIGITAL TECHNIQUES,IET计算机和数字技术,27,容易,>12周，或约稿,https://digital-library.theiet.org/content/journals/iet-cdt
0218-1266,journal of circuits systems and computers,电路系统与计算机杂志,414,容易,"较快,2-4周",https://www.worldscientific.com/worldscinet/jcsc
0929-5585,design automation for embedded systems,嵌入式系统设计自动化,14,容易,>12周，或约稿,https://link.springer.com/journal/10617
1745-1337,ieice transactions on fundamentals of electronics communications and computer sciences,电子通信与计算机科学基础汇刊,779,命中率约62.5%,平均4.5月,https://www.jstage.jst.go.jp/browse/transfun
1553-877X,IEEE COMMUNICATIONS SURVEYS AND TUTORIALS,IEEE通信调查和教程,228,极难,"一般,3-6周",https://ieeexplore.ieee.org/xpl/RecentIssue.jsp?punumber=9739
1536-1284,ieee wireless communications,IEEE无线通信,513,较难,"很快,2-3周",https://www.comsoc.org/publications/ieee-communications-society-digital-library
2168-7161,IEEE Transactions on Cloud Computing,翻译出错!,空,空,空,空
0890-8044,ieee network,IEEE网络,338,较难,"较快,2-4周",https://ieeexplore.ieee.org/xpl/RecentIssue.jsp?punumber=65
2327-4662,IEEE INTERNET OF THINGS JOURNAL,IEEE物联网杂志,864,,"超快,1-2周",http://www.medsci.cn/sci/url.do?id=d6f813191&q=w
0276-7783,mis quarterly,MIS季刊,126,很难,"偏慢,4-8周",https://misq.org/
0268-3962,journal of information technology,信息技术杂志,46,一般,>12周，或约稿,https://www.palgrave.com/cn/journal/41265
1939-1374,IEEE Transactions on Services Computing,IEEE服务计算汇刊,78,,"较慢,6-12周",https://www.computer.org/web/tsc
1545-5971,ieee transactions on dependable and secure computing,关于可靠和安全计算的IEEE事务,55,一般,"较慢,6-12周",https://ieeexplore.ieee.org/xpl/RecentIssue.jsp?punumber=8858
1932-8184,IEEE Systems Journal,IEEE系统杂志,1136,,"超快,1-2周",https://ieeexplore.ieee.org/xpl/RecentIssue.jsp?punumber=4267003
0963-8687,journal of strategic information systems,战略信息系统杂志,44,一般,>12周，或约稿,https://www.journals.elsevier.com/the-journal-of-strategic-information-systems/
0020-0255,information sciences,信息科学,596,命中率约22.5%,平均9月,https://www.elsevier.com/journals/information-sciences/0020-0255
1067-5027,journal of the american medical informatics association,美国医学信息学协会杂志,720,很难,"很快,2-3周",https://academic.oup.com/jamia
1536-1233,ieee transactions on mobile computing,IEEE移动计算汇刊,516,较难,"很快,2-3周",https://ieeexplore.ieee.org/xpl/RecentIssue.jsp?punumber=22
1520-9210,ieee transactions on multimedia,IEEE多媒体汇刊,439,较难,"较快,2-4周",https://ieeexplore.ieee.org/xpl/RecentIssue.jsp?punumber=6046
1758-2946,Journal of cheminformatics,化学信息学杂志,134,,"偏慢,4-8周",https://jcheminf.biomedcentral.com
0378-7206,information & management,信息与管理,174,较难,"一般,3-8周",https://www.journals.elsevier.com/information-and-management/
2168-2194,IEEE JOURNAL OF BIOMEDICAL AND HEALTH INFORMATICS,IEEE生物医学与健康信息学杂志,282,较易,"一般,3-6周",https://jbhi.embs.org/
1066-2243,INTERNET RESEARCH,互联网研究,120,较易,"偏慢,4-8周",https://www.emeraldinsight.com/loi/intr
1549-9596,journal of chemical information and modeling,化学信息与建模杂志,762,命中率约25%,平均1.5月,https://pubs.acs.org/journal/jcisd8
2168-6750,IEEE TRANSACTIONS ON EMERGING TOPICS IN COMPUTING,IEEE计算机新兴主题汇刊,104,,"偏慢,4-8周",http://www.medsci.cn/sci/url.do?id=0a4113035&q=w
0146-4833,ACM SIGCOMM COMPUTER COMMUNICATION REVIEW,计算机通信评论,29,一般,>12周，或约稿,https://dl.acm.org/citation.cfm?id=J101
0167-9236,decision support systems,决策支持系统,121,命中率约50%,平均3月,https://www.journals.elsevier.com/decision-support-systems/
2169-3536,IEEE Access,IEEE接入,6065,命中率约37.5%,平均1.7月,http://www.medsci.cn/sci/url.do?id=2f3112850&q=w
0306-4573,information processing & management,信息处理与管理,159,较易,"一般,3-8周",https://www.journals.elsevier.com/information-processing-and-management/
1932-4537,IEEE Transactions on Network and Service Management,IEEE网络与服务管理汇刊,84,,"较慢,6-12周",https://www.comsoc.org/publications/journals/ieee-tnsm
1387-3326,information systems frontiers,信息系统前沿,92,一般,"较慢,6-12周",https://www.springer.com/business+&+management/business+information+systems/journal/10796
0960-085X,european journal of information systems,欧洲信息系统杂志,70,一般,"较慢,6-12周",https://www.palgrave.com/cn/journal/41303
1570-8705,AD HOC NETWORKS,自组网,314,,"较快,2-4周",https://www.journals.elsevier.com/ad-hoc-networks/
1554-0669,FOUNDATIONS AND TRENDS IN INFORMATION RETRIEVAL,信息检索的基础和趋势,0,,>12周，或约稿,https://www.nowpublishers.com/INR/
2162-2337,IEEE WIRELESS COMMUNICATIONS LETTERS,IEEE无线通信信函,910,,"超快,1-2周",http://www.medsci.cn/sci/url.do?id=83c913036&q=w
1536-1268,ieee pervasive computing,IEEE普及计算,206,较难,"一般,3-6周",https://ieeexplore.ieee.org/xpl/RecentIssue.jsp?punumber=7756
1574-1192,PERVASIVE AND MOBILE COMPUTING,普及移动计算,439,,"较快,2-4周",https://www.journals.elsevier.com/pervasive-and-mobile-computing/
2157-6904,ACM TRANSACTIONS ON INTELLIGENT SYSTEMS AND TECHNOLOGY,智能系统与技术交流会,82,命中率约50%,平均3月,https://tist.acm.org/
1386-5056,international journal of medical informatics,国际医学信息学杂志,439,命中率约25%,平均3月,https://www.elsevier.com/journals/international-journal-of-medical-informatics/1386-5056
2325-6095,IEEE CLOUD COMPUTING,翻译出错!,空,空,空,空
1536-9323,JOURNAL OF THE ASSOCIATION FOR INFORMATION SYSTEMS,信息系统协会杂志,61,较易,"较慢,6-12周",https://aisel.aisnet.org/jais/
2330-1635,JOURNAL OF THE ASSOCIATION FOR INFORMATION SCIENCE AND TECHNOLOGY,信息科学与技术协会杂志,476,,平均3月,https://onlinelibrary.wiley.com/journal/23301643
1570-7873,Journal of Grid Computing,网格计算杂志,30,较易,>12周，或约稿,https://www.springer.com/computer/communication+networks/journal/10723
1041-4347,ieee transactions on knowledge and data engineering,IEEE知识与数据工程汇刊,383,较易,"较快,2-4周",https://ieeexplore.ieee.org/xpl/RecentIssue.jsp?punumber=69
0742-1222,journal of management information systems,管理信息系统杂志,92,较易,"较慢,6-12周",https://www.routledge.com/posts/8417
1943-0620,Journal of Optical Communications and Networking,光通信与网络杂志,542,,"很快,2-3周",https://www.osapublishing.org/jocn/journal/jocn/about.cfm
1066-8888,vldb journal,VLDB期刊,39,较易,>12周，或约稿,https://link.springer.com/journal/778
0167-4048,computers & security,计算机与安全,150,容易,"一般,3-8周",https://www.elsevier.com/journals/computers-and-security/0167-4048
0950-5849,information and software technology,信息与软件技术,110,较易,"偏慢,4-8周",https://www.journals.elsevier.com/information-and-software-technology
0140-3664,computer communications,计算机通信,812,命中率约25%,平均12月,http://www.medsci.cn/sci/url.do?id=8cf11685&q=w
1867-0202,BUSINESS & INFORMATION SYSTEMS ENGINEERING,商业与信息系统工程,41,较易,>12周，或约稿,http://www.medsci.cn/sci/url.do?id=1c1511102&q=w
1094-9224,ACM TRANSACTIONS ON INFORMATION AND SYSTEM SECURITY,ACM信息和系统安全事务,0,较易,>12周，或约稿,https://tops.acm.org/
1567-4223,Electronic Commerce Research and Applications,电子商务研究与应用,45,较易,>12周，或约稿,https://www.journals.elsevier.com/electronic-commerce-research-and-applications/
0306-4379,information systems,信息系统,117,较易,"偏慢,4-8周",http://www.medsci.cn/sci/url.do?id=0dbe3137&q=w
1389-1286,COMPUTER NETWORKS,计算机网络,1192,容易,"超快,1-2周",https://www.journals.elsevier.com/computer-networks
1383-469X,mobile networks & applications,移动网络和应用程序,269,容易,"一般,3-6周",https://link.springer.com/journal/11036
1384-5810,data mining and knowledge discovery,数据挖掘和知识发现,61,较易,"较慢,6-12周",https://link.springer.com/journal/10618
1365-8816,international journal of geographical information science,国际地理信息科学杂志,357,命中率约50%,平均4月,http://www.medsci.cn/sci/url.do?id=f3641878&q=w
1550-4859,ACM TRANSACTIONS ON SENSOR NETWORKS,传感器网络上的ACM事务,68,较易,"较慢,6-12周",http://www.medsci.cn/sci/url.do?id=6c099720&q=w
0219-1377,knowledge and information systems,知识和信息系统,125,命中率约50%,平均12月,https://www.springer.com/computer/information+systems+and+applications/journal/10115
1570-0844,Semantic Web,语义网,55,较易,"较慢,6-12周",https://www.w3.org/standards/semanticweb/
1674-733X,SCIENCE CHINA-INFORMATION SCIENCES,科学中国信息科学,558,,"很快,2-3周",https://www.springer.com/computer/information+systems+and+applications/journal/11432
0018-9448,ieee transactions on information theory,IEEE信息理论汇刊,899,命中率约25%,平均14月,https://ieeexplore.ieee.org/xpl/RecentIssue.jsp?punumber=18
1874-5482,International Journal of Critical Infrastructure Protection,国际关键基础设施保护杂志,56,较易,"较慢,6-12周",https://www.journals.elsevier.com/international-journal-of-critical-infrastructure-protection/
1384-6175,geoinformatica,地理信息学,66,较易,"较慢,6-12周",https://link.springer.com/journal/10707
1551-6857,ACM TRANSACTIONS ON MULTIMEDIA COMPUTING COMMUNICATIONS AND APPLICATIONS,多媒体计算通信与应用交流,62,较易,"较慢,6-12周",https://tomm.acm.org/
1022-0038,wireless networks,无线网络,694,容易,"很快,2-3周",https://www.springer.com/engineering/signals/journal/11276
2192-1962,HUMAN-CENTRIC COMPUTING AND INFORMATION SCIENCES,以人为中心的计算和信息科学,空,空,空,空
0165-5515,journal of information science,信息科学杂志,108,较易,"偏慢,4-8周",https://journals.sagepub.com/home/jis
1617-4909,Personal and Ubiquitous Computing,个人和无处不在的计算,190,容易,"一般,3-8周",https://link.springer.com/journal/779
1070-986X,ieee multimedia,ieee多媒体杂志,46,较易,>12周，或约稿,https://ieeexplore.ieee.org/xpl/RecentIssue.jsp?punumber=93
1047-3203,journal of visual communication and image representation,视觉传达与图像表示杂志,191,容易,"一般,3-8周",https://www.journals.elsevier.com/journal-of-visual-communication-and-image-representation/
1550-1477,international journal of distributed sensor networks,国际分布式传感器网络杂志,669,容易,"很快,2-3周",https://journals.sagepub.com/home/dsn
1742-2876,Digital Investigation,数字调查,62,较易,"较慢,6-12周",https://www.journals.elsevier.com/digital-investigation/
1046-8188,acm transactions on information systems,ACM信息系统事务,50,较易,"较慢,6-12周",https://tois.acm.org/
0219-6220,international journal of information technology & decision making,国际信息技术与决策杂志,67,较易,"较慢,6-12周",https://www.worldscientific.com/worldscinet/ijitdm
1064-7570,Journal of Network and Systems Management,网络与系统管理杂志,75,较易,"较慢,6-12周",https://www.springer.com/computer/communication+networks/journal/10922
0947-3602,requirements engineering,需求工程,24,较易,>12周，或约稿,https://link.springer.com/journal/766
0004-5411,journal of the acm,ACM杂志,40,较易,>12周，或约稿,https://jacm.acm.org/
1533-5399,ACM TRANSACTIONS ON INTERNET TECHNOLOGY,互联网技术交流,50,较易,"较慢,6-12周",https://toit.acm.org/
0942-4962,multimedia systems,多媒体系统,58,较易,"较慢,6-12周",https://www.springer.com/computer/security+and+cryptology/journal/530
1751-7575,ENTERPRISE INFORMATION SYSTEMS,企业信息系统,77,较易,"较慢,6-12周",https://www.tandfonline.com/toc/teis20/current
1468-4527,online information review,在线信息回顾,130,容易,"偏慢,4-8周",https://www.emeraldinsight.com/journal/oir
1615-5262,INTERNATIONAL JOURNAL OF INFORMATION SECURITY,国际信息安全杂志,37,命中率约75%,平均1月,https://www.springer.com/computer/security+and+cryptology/journal/10207
1520-9202,IT PROFESSIONAL,信息技术专业,150,,"一般,3-8周",http://www.medsci.cn/sci/url.do?id=b90d11930&q=w
1386-7857,cluster computing-the journal of networks software tools and applications,集群计算网络软件工具和应用杂志,286,容易,"一般,3-6周",https://www.springer.com/computer/communication+networks/journal/10586
0887-4417,journal of computer information systems,计算机信息系统杂志,40,较易,>12周，或约稿,https://www.tandfonline.com/loi/ucis20
1380-7501,multimedia tools and applications,多媒体工具和应用,2393,命中率约50%,平均6月,https://www.springer.com/computer/information+systems+and+applications/journal/11042
0026-1270,methods of information in medicine,医学信息方法,184,容易,"一般,3-8周",http://www.medsci.cn/sci/url.do?id=c61d4769&q=w
1936-6442,PEER-TO-PEER NETWORKING AND APPLICATIONS,对等网络和应用程序,198,,"一般,3-8周",https://www.springer.com/engineering/signals/journal/12083
1556-4681,ACM Transactions on Knowledge Discovery from Data,ACM数据知识发现事务,27,容易,>12周，或约稿,http://www.medsci.cn/sci/url.do?id=9bbb11723&q=w
1386-4564,information retrieval,信息检索,26,容易,>12周，或约稿,https://link.springer.com/journal/10791
0169-023X,data & knowledge engineering,数据与知识工程,32,命中率约75%,平均12月,https://www.journals.elsevier.com/data-and-knowledge-engineering/
2050-3806,ASLIB JOURNAL OF INFORMATION MANAGEMENT,ASLIB信息管理杂志,92,容易,"较慢,6-12周",http://www.emeraldgrouppublishing.com/products/journals/journals.htm?id=ajim
1868-5137,Journal of Ambient Intelligence and Humanized Computing,环境智能与人性化计算杂志,156,容易,"一般,3-8周",https://www.springer.com/engineering/computational+intelligence+and+complexity/journal/12652
1091-9392,journal of organizational computing and electronic commerce,组织计算与电子商务杂志,21,容易,>12周，或约稿,https://www.tandfonline.com/toc/hoce20/current
0868-4952,informatica,信息性的,76,容易,"较慢,6-12周",https://www.mii.lt/informatica/
1007-0214,TSINGHUA SCIENCE AND TECHNOLOGY,清华科技,128,容易,"偏慢,4-8周",http://qhdy.chinajournal.net.cn/WKE/WebPublication/index.aspx?mid=qhdy
1570-8268,journal of web semantics,网络语义学杂志,23,容易,>12周，或约稿,https://www.journals.elsevier.com/journal-of-web-semantics/
1055-7148,INTERNATIONAL JOURNAL OF NETWORK MANAGEMENT,国际网络管理杂志,86,容易,"较慢,6-12周",https://onlinelibrary.wiley.com/journal/10991190
1607-9264,JOURNAL OF INTERNET TECHNOLOGY,互联网技术杂志,328,容易,"较快,2-4周",http://jit.ndhu.edu.tw/ojs/index.php/jit
1841-9836,INTERNATIONAL JOURNAL OF COMPUTERS COMMUNICATIONS & CONTROL,国际计算机通讯与控制杂志,177,容易,"一般,3-8周",http://univagora.ro/jour/index.php/ijccc/
0163-5808,sigmod record,西格莫德唱片,28,容易,>12周，或约稿,https://sigmodrecord.org/
1058-0530,information systems management,信息系统管理,32,容易,>12周，或约稿,https://www.tandfonline.com/toc/uism20/current
1229-2370,journal of communications and networks,通信与网络杂志,140,容易,"偏慢,4-8周",http://www.medsci.cn/sci/url.do?id=65aa6865&q=w
1540-7993,ieee security & privacy,IEEE安全与隐私,93,容易,"较慢,6-12周",https://ieeexplore.ieee.org/xpl/RecentIssue.jsp?punumber=8013
1556-4665,ACM TRANSACTIONS ON AUTONOMOUS AND ADAPTIVE SYSTEMS,关于自主和自适应系统的ACM事务,22,容易,>12周，或约稿,https://taas.acm.org/
1387-974X,photonic network communications,光子网络通信,246,容易,"一般,3-6周",https://link.springer.com/journal/11107
2210-5379,Sustainable Computing-Informatics & Systems,可持续计算信息学与系统,28,容易,>12周，或约稿,https://www.sciencedirect.com/journal/sustainable-computing-informatics-and-systems
0033-0337,program-electronic library and information systems,程序电子图书馆和信息系统,52,容易,"较慢,6-12周",https://emeraldinsight.com/loi/prog
1559-1131,ACM TRANSACTIONS ON THE WEB,ACM网上交易,26,容易,>12周，或约稿,https://tweb.acm.org/
1386-145X,world wide web-internet and web information systems,万维网互联网和网络信息系统,65,容易,"较慢,6-12周",https://www.springer.com/computer/database+management+&+information+retrieval/journal/11280
1573-4277,OPTICAL SWITCHING AND NETWORKING,光交换和网络,150,容易,"一般,3-8周",https://www.journals.elsevier.com/optical-switching-and-networking/
0925-9902,journal of intelligent information systems,智能信息系统杂志,48,容易,>12周，或约稿,https://www.springer.com/computer/database+management+&+information+retrieval/journal/10844
2095-2228,FRONTIERS OF COMPUTER SCIENCE,计算机科学前沿,81,容易,"较慢,6-12周",https://www.springer.com/computer/journal/11704
1939-8018,JOURNAL OF SIGNAL PROCESSING SYSTEMS FOR SIGNAL IMAGE AND VIDEO TECHNOLOGY,信号图像和视频技术信号处理系统杂志,236,容易,"一般,3-6周",https://www.springer.com/computer/image+processing/journal/11760
1741-1106,INTERNATIONAL JOURNAL OF WEB AND GRID SERVICES,国际网络与网格服务杂志,23,容易,>12周，或约稿,https://www.inderscience.com/jhome.php?jcode=ijwgs
0362-5915,acm transactions on database systems,数据库系统上的ACM事务,26,容易,>12周，或约稿,https://tods.acm.org/
1361-4568,NEW REVIEW OF HYPERMEDIA AND MULTIMEDIA,超媒体与多媒体新进展,13,容易,>12周，或约稿,https://www.tandfonline.com/toc/tham20/current
1073-0516,ACM TRANSACTIONS ON COMPUTER-HUMAN INTERACTION,计算机与人的交互交流,35,容易,>12周，或约稿,http://tochi.acm.org/
0730-9295,information technology and libraries,信息技术与图书馆,50,容易,"较慢,6-12周",https://ejournals.bc.edu/ojs/index.php/ital/index
0018-8646,ibm journal of research and development,IBM研究与开发杂志,53,容易,"较慢,6-12周",http://www.medsci.cn/sci/url.do?id=95bb2786&q=w
1574-017X,MOBILE INFORMATION SYSTEMS,移动信息系统,398,容易,"较快,2-4周",https://www.iospress.nl/journal/mobile-information-systems/
0926-8782,distributed and parallel databases,分布式和并行数据库,16,容易,>12周，或约稿,https://link.springer.com/journal/10619
2095-9184,Frontiers of Information Technology & Electronic Engineering,信息技术与电子工程前沿,324,容易,"较快,2-4周",https://www.springer.com/computer/journal/11714
1939-0114,SECURITY AND COMMUNICATION NETWORKS,安全和通信网络,323,容易,"较快,2-4周",https://onlinelibrary.wiley.com/journal/19390122
1751-8709,IET Information Security,IET信息安全,53,容易,"较慢,6-12周",https://digital-library.theiet.org/content/journals/iet-ifs
0001-5903,acta informatica,信息学报,27,容易,>12周，或约稿,https://link.springer.com/journal/236
1748-1279,INTERNATIONAL JOURNAL OF SENSOR NETWORKS,国际传感器网络杂志,140,容易,"偏慢,4-8周",https://www.inderscience.com/jhome.php?jcode=ijsnet
1876-1364,JOURNAL OF AMBIENT INTELLIGENCE AND SMART ENVIRONMENTS,环境智能与智能环境杂志,122,容易,"偏慢,4-8周",https://www.iospress.nl/journal/journal-of-ambient-intelligence-and-smart-environments/
1530-8669,wireless communications & mobile computing,无线通信和移动计算,596,容易,"很快,2-3周",https://onlinelibrary.wiley.com/toc/15308677/11/8
1392-124X,INFORMATION TECHNOLOGY AND CONTROL,信息技术与控制,113,容易,"偏慢,4-8周",http://itc.ktu.lt/index.php/ITC
0020-0190,information processing letters,信息处理信函,122,命中率约50%,平均1月,https://www.elsevier.com/journals/information-processing-letters/0020-0190
1552-6283,International Journal on Semantic Web and Information Systems,国际语义网络与信息系统杂志,34,容易,>12周，或约稿,http://www.medsci.cn/sci/url.do?id=81217495&q=w
0010-4620,computer journal,计算机期刊,130,命中率约20%,平均3月,https://academic.oup.com/comjnl
1570-5838,APPLIED ONTOLOGY,应用本体论,17,容易,>12周，或约稿,https://www.iospress.nl/journal/applied-ontology/
1551-9899,AD HOC & SENSOR WIRELESS NETWORKS,即席无线网络和传感器无线网络,126,容易,"偏慢,4-8周",http://www.medsci.cn/sci/url.do?id=b2359759&q=w
1546-2234,JOURNAL OF ORGANIZATIONAL AND END USER COMPUTING,组织和最终用户计算杂志,28,容易,>12周，或约稿,http://www.medsci.cn/sci/url.do?id=55ad11614&q=w
1743-8225,INTERNATIONAL JOURNAL OF AD HOC AND UBIQUITOUS COMPUTING,国际即席和无所不在计算杂志,130,容易,"偏慢,4-8周",https://www.inderscience.com/info/inarticletoc.php?jcode=ijahuc&year=2005&vol=1&issue=1/2
1820-0214,COMPUTER SCIENCE AND INFORMATION SYSTEMS,计算机科学与信息系统,51,容易,"较慢,6-12周",http://www.comsis.org/
1976-7277,KSII Transactions on Internet and Information Systems,互联网和信息系统上的KSII交易,656,容易,"很快,2-3周",http://www.medsci.cn/sci/url.do?id=dd0a11126&q=w
1548-0992,IEEE LATIN AMERICA TRANSACTIONS,IEEE拉丁美洲交易,592,容易,"很快,2-3周",https://ieeexplore.ieee.org/xpl/RecentIssue.jsp?punumber=9907
1745-1361,ieice transactions on information and systems,信息与系统交易,392,容易,"较快,2-4周",https://www.jstage.jst.go.jp/browse/transinf
1683-3198,INTERNATIONAL ARAB JOURNAL OF INFORMATION TECHNOLOGY,国际阿拉伯信息技术杂志,175,容易,"一般,3-8周",http://iajit.org/
2471-2566,ACM TRANSACTIONS ON PRIVACY AND SECURITY,翻译出错!,38,容易,>12周，或约稿,http://www.medsci.cn/sci/url.do?id=144e13051&q=w
1545-7362,International Journal of Web Services Research,国际网络服务研究杂志,22,容易,>12周，或约稿,http://www.medsci.cn/sci/url.do?id=ab8a7497&q=w
0988-3754,rairo-theoretical informatics and applications,雷罗理论信息学及其应用,11,容易,>12周，或约稿,https://www.rairo-ita.org/
1745-1337,ieice transactions on fundamentals of electronics communications and computer sciences,电子通信与计算机科学基础汇刊,779,命中率约62.5%,平均4.5月,https://www.jstage.jst.go.jp/browse/transfun
1016-2364,journal of information science and engineering,信息科学与工程杂志,96,容易,"较慢,6-12周",http://www.medsci.cn/sci/url.do?id=27723906&q=w
0315-5986,infor,因诺,18,容易,>12周，或约稿,http://www.medsci.cn/sci/url.do?id=e6b03134&q=w
1063-8016,journal of database management,数据库管理杂志,16,容易,>12周，或约稿,http://www.medsci.cn/sci/url.do?id=6b4d3668&q=w
0218-8430,international journal of cooperative information systems,国际合作信息系统杂志,15,容易,>12周，或约稿,https://www.worldscientific.com/worldscinet/ijcis
1548-7660,journal of statistical software,统计软件杂志,185,极难,"一般,3-8周",https://www.jstatsoft.org/index
1134-3060,archives of computational methods in engineering,工程计算方法档案,107,较难,"偏慢,4-8周",https://www.springer.com/engineering/computational+intelligence+and+complexity/journal/11831
0278-0062,ieee transactions on medical imaging,医学影像学汇刊,1129,命中率约5%,平均2月,https://ieeexplore.ieee.org/xpl/RecentIssue.jsp?punumber=42
1093-9687,computer-aided civil and infrastructure engineering,计算机辅助土木与基础设施工程,295,命中率约75%,平均3月,https://onlinelibrary.wiley.com/journal/14678667
1551-3203,IEEE TRANSACTIONS ON INDUSTRIAL INFORMATICS,工业信息学汇刊,1336,很难,"超快,1-2周",http://www.medsci.cn/sci/url.do?id=3c0d3008&q=w
1361-8415,medical image analysis,医学图像分析,444,命中率约25%,平均3月,https://www.elsevier.com/journals/medical-image-analysis/1361-8415
0360-1315,computers & education,计算机与教育,150,较易,"一般,3-8周",https://www.journals.elsevier.com/computers-and-education/
1067-5027,journal of the american medical informatics association,美国医学信息学协会杂志,720,很难,"很快,2-3周",https://academic.oup.com/jamia
1364-8152,environmental modelling & software,环境建模与软件,625,命中率约5%,平均9月,https://www.journals.elsevier.com/environmental-modelling-and-software/
1084-8045,journal of network and computer applications,网络与计算机应用杂志,269,较易,"一般,3-6周",http://www.medsci.cn/sci/url.do?id=2a354101&q=w
1568-4946,applied soft computing,应用软计算,622,命中率约25%,平均24月,https://www.elsevier.com/journals/applied-soft-computing/1568-4946
1758-2946,Journal of cheminformatics,化学信息学杂志,134,,"偏慢,4-8周",https://jcheminf.biomedcentral.com
1539-2791,neuroinformatics,神经信息学,54,较难,"较慢,6-12周",https://link.springer.com/journal/12021
2168-2194,IEEE JOURNAL OF BIOMEDICAL AND HEALTH INFORMATICS,IEEE生物医学与健康信息学杂志,282,较易,"一般,3-6周",https://jbhi.embs.org/
1549-9596,journal of chemical information and modeling,化学信息与建模杂志,762,命中率约25%,平均1.5月,https://pubs.acs.org/journal/jcisd8
0010-4655,computer physics communications,计算机物理通信,582,命中率约25%,平均6月,https://www.elsevier.com/journals/computer-physics-communications/0010-4655
1069-2509,integrated computer-aided engineering,综合计算机辅助工程,26,一般,>12周，或约稿,https://content.iospress.com/journals/integrated-computer-aided-engineering/Preprint/Preprint
1751-1577,JOURNAL OF INFORMETRICS,翻译出错!,214,,"一般,3-6周",http://www.medsci.cn/sci/url.do?id=bbd313067&q=w
0736-5845,robotics and computer-integrated manufacturing,机器人与计算机集成制造,232,较难,"一般,3-6周",https://www.journals.elsevier.com/robotics-and-computer-integrated-manufacturing/
0894-4393,social science computer review,社会科学计算机评论,92,一般,"较慢,6-12周",https://journals.sagepub.com/home/ssc
0965-9978,advances in engineering software,工程软件进展,234,较易,"一般,3-6周",https://www.elsevier.com/journals/advances-in-engineering-software/0965-9978
0360-8352,computers & industrial engineering,计算机与工业工程,905,命中率约26.66%,平均14月,https://www.elsevier.com/journals/computers-and-industrial-engineering/0360-8352
0266-352X,computers and geotechnics,计算机与岩土工程,817,较易,"超快,1-2周",https://www.elsevier.com/journals/computers-and-geotechnics/0266-352X
0098-1354,computers & chemical engineering,计算机与化工,630,命中率约50%,平均6月,https://www.journals.elsevier.com/computers-and-chemical-engineering/
0305-0548,computers & operations research,计算机与运筹学,526,较易,"很快,2-3周",https://www.elsevier.com/journals/computers-and-operations-research/0305-0548
0263-5577,industrial management & data systems,工业管理和数据系统,252,容易,"一般,3-6周",https://www.emeraldinsight.com/loi/imds
0045-7949,computers & structures,计算机和结构,361,命中率约80%,平均3月,https://www.elsevier.com/journals/computers-and-structures/0045-7949
1532-0464,journal of biomedical informatics,生物医学信息学杂志,323,较易,"较快,2-4周",https://www.journals.elsevier.com/journal-of-biomedical-informatics
1615-147X,structural and multidisciplinary optimization,结构和多学科优化,478,命中率约58.33%,平均6月,https://www.springer.com/engineering/mechanics/journal/158
0021-9991,journal of computational physics,计算物理杂志,1491,命中率约37.5%,平均4.5月,https://www.elsevier.com/journals/journal-of-computational-physics/0021-9991
0166-3615,computers in industry,工业计算机,59,较易,平均12月,https://www.journals.elsevier.com/computers-in-industry/
2213-1337,Astronomy and Computing,天文学与计算,72,命中率约75%,平均6月,https://www.journals.elsevier.com/astronomy-and-computing/
1420-0597,computational geosciences,计算地球科学,170,容易,"一般,3-8周",https://link.springer.com/journal/10596
0169-2607,computer methods and programs in biomedicine,生物医学中的计算机方法和程序,638,命中率约37.5%,平均4.6月,https://www.journals.elsevier.com/computer-methods-and-programs-in-biomedicine/
1567-4223,Electronic Commerce Research and Applications,电子商务研究与应用,45,较易,>12周，或约稿,https://www.journals.elsevier.com/electronic-commerce-research-and-applications/
0340-6253,match-communications in mathematical and in computer chemistry,数学和计算机化学中的匹配通信,282,命中率约50%,平均2.3月,http://match.pmf.kg.ac.rs/
0098-3004,computers & geosciences,计算机与地球科学,388,容易,"较快,2-4周",https://www.journals.elsevier.com/computers-and-geosciences/
1545-5963,ieee-acm transactions on computational biology and bioinformatics,计算生物学和生物信息学汇刊,419,较易,"较快,2-4周",https://www.computer.org/portal/web/tcbb
0168-1699,computers and electronics in agriculture,农业计算机与电子,403,命中率约25%,平均1月,https://www.elsevier.com/journals/computers-and-electronics-in-agriculture/0168-1699
1432-7643,soft computing,软计算,539,容易,"很快,2-3周",https://www.springer.com/engineering/computational+intelligence+and+complexity/journal/500
0920-654X,journal of computer-aided molecular design,翻译出错!,225,较易,平均2月,http://www.medsci.cn/sci/url.do?id=96aa3639&q=w
1062-936X,sar and qsar in environmental research,环境研究中的sar和qsar,273,较易,"一般,6-12周",https://www.tandfonline.com/toc/gsar20/current
0045-7930,computers & fluids,计算机和流体,309,较易,"较快,2-4周",https://www.elsevier.com/journals/computers-and-fluids/0045-7930
0138-9130,scientometrics,科学计量学,822,命中率约75%,平均2月,https://link.springer.com/journal/11192
0010-4825,computers in biology and medicine,生物与医学计算机,1202,命中率约41.66%,平均3月,https://www.elsevier.com/journals/computers-in-biology-and-medicine/0010-4825
1569-190X,simulation modelling practice and theory,模拟建模实践与理论,96,较易,"较慢,6-12周",https://www.elsevier.com/journals/simulation-modelling-practice-and-theory/1569-190X
0278-0070,ieee transactions on computer-aided design of integrated circuits and systems,IEEE集成电路与系统计算机辅助设计汇刊,333,容易,"较快,2-4周",https://ieeexplore.ieee.org/xpl/RecentIssue.jsp?punumber=43
1094-3420,international journal of high performance computing applications,国际高性能计算应用杂志,41,较易,>12周，或约稿,https://journals.sagepub.com/home/hpc
1875-6891,INTERNATIONAL JOURNAL OF COMPUTATIONAL INTELLIGENCE SYSTEMS,国际计算智能系统杂志,96,命中率约25%,平均24月,http://www.medsci.cn/sci/url.do?id=45ee10301&q=w
0951-192X,international journal of computer integrated manufacturing,国际计算机集成制造杂志,186,容易,"一般,3-8周",http://www.medsci.cn/sci/url.do?id=cc991841&q=w
1025-5842,Computer Methods in Biomechanics and Biomedical Engineering,生物力学与生物医学工程中的计算机方法,534,命中率约75%,平均12月,https://www.tandfonline.com/loi/gcmb20
0140-0118,medical & biological engineering & computing,医学与生物工程与计算,458,命中率约50%,平均3月,https://link.springer.com/journal/11517
1868-1743,MOLECULAR INFORMATICS,分子信息学,180,,"一般,3-8周",https://onlinelibrary.wiley.com/journal/18681751
0177-0667,engineering with computers,计算机工程,126,容易,"偏慢,4-8周",https://link.springer.com/journal/366
1877-7503,JOURNAL OF COMPUTATIONAL SCIENCE,计算科学杂志,141,,"偏慢,4-8周",https://www.journals.elsevier.com/journal-of-computational-science/
1093-3263,journal of molecular graphics & modelling,分子图形与建模杂志,1012,较易,"超快,1-2周",https://www.journals.elsevier.com/journal-of-molecular-graphics-and-modelling/
1939-1382,IEEE TRANSACTIONS ON LEARNING TECHNOLOGIES,IEEE学习技术汇刊,46,命中率约50%,平均2月,http://ieee-edusociety.org/about/ieee-transactions-learning-technologies
0887-3801,journal of computing in civil engineering,土木工程计算杂志,205,容易,"一般,3-6周",https://ascelibrary.org/journal/jccee5
1464-7141,journal of hydroinformatics,水文信息学杂志,234,命中率约25%,平均3月,http://www.medsci.cn/sci/url.do?id=fab33883&q=w
1742-2876,Digital Investigation,数字调查,62,较易,"较慢,6-12周",https://www.journals.elsevier.com/digital-investigation/
0219-6220,international journal of information technology & decision making,国际信息技术与决策杂志,67,较易,"较慢,6-12周",https://www.worldscientific.com/worldscinet/ijitdm
0045-7906,computers & electrical engineering,计算机与电气工程,518,命中率约50%,平均6月,http://www.medsci.cn/sci/url.do?id=e4ba1691&q=w
0271-2091,international journal for numerical methods in fluids,国际流体数值方法杂志,343,命中率约37.5%,平均2月,https://onlinelibrary.wiley.com/journal/10970363
1598-8198,computers and concrete,计算机和混凝土,758,容易,"很快,2-3周",http://technopress.kaist.ac.kr/?journal=cac&subpage=6
1865-0473,Earth Science Informatics,地球科学信息学,80,命中率约75%,平均1月,https://link.springer.com/journal/12145
1530-9827,journal of computing and information science in engineering,工程计算与信息科学杂志,110,命中率约27.5%,平均15月,http://computingengineering.asmedigitalcollection.asme.org/issues.aspx
0167-6393,speech communication,言语交际,246,容易,"一般,3-6周",https://www.journals.elsevier.com/speech-communication/
1610-2940,JOURNAL OF MOLECULAR MODELING,分子模型杂志,1168,命中率约75%,平均1月,http://www.medsci.cn/sci/url.do?id=573b7556&q=w
2167-6461,Big Data,大数据,31,命中率约50%,平均2月,https://www.ibm.com/analytics/hadoop/big-data-analytics
0378-4754,mathematics and computers in simulation,数学与计算机模拟,290,容易,"一般,3-6周",https://www.journals.elsevier.com/mathematics-and-computers-in-simulation/
1063-293X,concurrent engineering-research and applications,并行工程研究与应用,54,容易,"较慢,6-12周",https://journals.sagepub.com/home/cer
1091-9392,journal of organizational computing and electronic commerce,组织计算与电子商务杂志,21,容易,>12周，或约稿,https://www.tandfonline.com/toc/hoce20/current
1476-9271,computational biology and chemistry,计算生物学与化学,361,容易,"较快,2-4周",https://www.elsevier.com/journals/computational-biology-and-chemistry/1476-9271
1091-9856,informs journal on computing,通知计算机杂志,48,容易,>12周，或约稿,https://pubsonline.informs.org/journal/ijoc
1359-4338,VIRTUAL REALITY,虚拟现实,46,容易,>12周，或约稿,https://link.springer.com/journal/10055
2073-4859,R Journal,R期刊,160,容易,"一般,3-8周",https://journal.r-project.org/
0891-2017,空,翻译出错!,空,空,空,空
1096-4290,international journal of rf and microwave computer-aided engineering,国际射频与微波计算机辅助工程杂志,194,命中率约75%,平均3月,https://onlinelibrary.wiley.com/journal/1099047x
1747-7778,JOURNAL OF SIMULATION,模拟学报,35,容易,>12周，或约稿,https://www.springer.com/business+&+management/operations+research/journal/41273
1066-5277,journal of computational biology,计算生物学杂志,428,容易,"较快,2-4周",https://home.liebertpub.com/publications/journal-of-computational-biology/31/overview
0167-9473,computational statistics & data analysis,计算统计与数据分析,376,容易,"较快,2-4周",https://www.journals.elsevier.com/computational-statistics-and-data-analysis/
0264-4401,engineering computations,工程计算,340,容易,"较快,2-4周",http://www.medsci.cn/sci/url.do?id=c0742169&q=w
0257-0130,queueing systems,排队系统,46,容易,>12周，或约稿,https://www.springer.com/business+&+management/operations+research/journal/11134
1061-3773,computer applications in engineering education,计算机在工程教育中的应用,152,容易,"一般,3-8周",https://onlinelibrary.wiley.com/journal/10990542
1521-9615,computing in science & engineering,科学与工程计算,76,容易,"较慢,6-12周",https://www.computer.org/csdl/mags/cs/2014/01/index.html
1538-2931,cin-computers informatics nursing,计算机信息护理,257,容易,"一般,3-6周",https://journals.lww.com/cinjournal/pages/default.aspx
0890-0604,ai edam-artificial intelligence for engineering design analysis and manufacturing,用于工程设计分析和制造的人工智能,74,容易,"较慢,6-12周",http://www.medsci.cn/sci/url.do?id=f634255&q=w
0929-8215,journal of new music research,新音乐研究杂志,25,容易,>12周，或约稿,https://www.tandfonline.com/toc/nnmr20/current
1343-8875,journal of visualization,可视化杂志,236,容易,"一般,3-6周",https://link.springer.com/journal/12650
0037-5497,simulation-transactions of the society for modeling and simulation international,国际模拟与仿真学会模拟交易,79,容易,"较慢,6-12周",https://journals.sagepub.com/home/sim
1049-3301,ACM Transactions on Modeling and Computer Simulation,美国计算机学会模型和计算机仿真汇刊,46,容易,>12周，或约稿,https://tomacs.acm.org/
1382-6905,journal of combinatorial optimization,组合优化杂志,344,容易,"较快,2-4周",https://link.springer.com/journal/10878
0129-1831,international journal of modern physics c,国际现代物理杂志C,300,命中率约27.5%,平均13月,https://www.worldscientific.com/worldscinet/ijmpc
0094-9655,journal of statistical computation and simulation,统计计算与模拟杂志,428,容易,"较快,2-4周",https://www.tandfonline.com/toc/gscs20/current
1932-1864,Statistical Analysis and Data Mining,统计分析与数据挖掘,60,容易,"较慢,6-12周",https://onlinelibrary.wiley.com/journal/19321872
1573-4099,CURRENT COMPUTER-AIDED DRUG DESIGN,当前计算机辅助药物设计,64,容易,"较慢,6-12周",https://benthamscience.com/journal/index.php?journalID=ccadd
0925-9724,COMPUTER SUPPORTED COOPERATIVE WORK-THE JOURNAL OF COLLABORATIVE COMPUTING,计算机支持的协同工作——协同计算杂志,30,容易,>12周，或约稿,https://link.springer.com/journal/10606
1574-020X,language resources and evaluation,语言资源与评价,41,容易,>12周，或约稿,https://link.springer.com/journal/10579
1381-298X,COMPUTATIONAL AND MATHEMATICAL ORGANIZATION THEORY,计算与数学组织理论,54,容易,"较慢,6-12周",https://link.springer.com/journal/10588
1387-3954,mathematical and computer modelling of dynamical systems,动力系统的数学与计算机建模,74,容易,"较慢,6-12周",https://www.tandfonline.com/toc/nmcm20/current
0148-9267,computer music journal,计算机音乐杂志,35,容易,>12周，或约稿,https://www.mitpressjournals.org/loi/comj
0218-2130,international journal on artificial intelligence tools,国际人工智能工具杂志,56,容易,"较慢,6-12周",https://www.worldscientific.com/worldscinet/ijait
0332-1649,COMPEL-THE INTERNATIONAL JOURNAL FOR COMPUTATION AND MATHEMATICS IN ELECTRICAL AND ELECTRONIC ENGINEERING,国际电工与电子工程计算与数学杂志,270,容易,"一般,3-6周",https://www.emeraldinsight.com/journal/compel
1556-4673,ACM JOURNAL ON COMPUTING AND CULTURAL HERITAGE,翻译出错!,26,容易,>12周，或约稿,http://www.medsci.cn/sci/url.do?id=de3113049&q=w
0938-1279,applicable algebra in engineering communication and computing,工程通信与计算中的应用代数,64,容易,"较慢,6-12周",https://www.springer.com/computer/theoretical+computer+science/journal/200
1939-1374,IEEE Transactions on Services Computing,IEEE服务计算汇刊,78,,"较慢,6-12周",https://www.computer.org/web/tsc
1545-5971,ieee transactions on dependable and secure computing,关于可靠和安全计算的IEEE事务,55,一般,"较慢,6-12周",https://ieeexplore.ieee.org/xpl/RecentIssue.jsp?punumber=8858
0730-0301,acm transactions on graphics,ACM图形事务,248,很难,"一般,3-6周",https://tog.acm.org/
1084-8045,journal of network and computer applications,网络与计算机应用杂志,269,较易,"一般,3-6周",http://www.medsci.cn/sci/url.do?id=2a354101&q=w
1520-9210,ieee transactions on multimedia,IEEE多媒体汇刊,439,较难,"较快,2-4周",https://ieeexplore.ieee.org/xpl/RecentIssue.jsp?punumber=6046
0098-5589,ieee transactions on software engineering,IEEE软件工程汇刊,117,一般,"偏慢,4-8周",https://ieeexplore.ieee.org/xpl/RecentIssue.jsp?punumber=32
0965-9978,advances in engineering software,工程软件进展,234,较易,"一般,3-6周",https://www.elsevier.com/journals/advances-in-engineering-software/0965-9978
1077-2626,ieee transactions on visualization and computer graphics,IEEE可视化与计算机图形汇刊,244,命中率约25%,平均3月,https://ieeexplore.ieee.org/xpl/RecentIssue.jsp?punumber=2945
0001-0782,communications of the acm,ACM的通信,307,较难,"较快,2-4周",https://cacm.acm.org/
0010-4485,computer-aided design,计算机辅助设计,87,较易,"较慢,6-12周",https://www.elsevier.com/journals/computer-aided-design/0010-4485
1382-3256,empirical software engineering,经验软件工程,90,较易,"较慢,6-12周",https://link.springer.com/journal/10664
0098-3500,acm transactions on mathematical software,数学软件交流,92,较易,"较慢,6-12周",https://toms.acm.org/
0740-7459,ieee software,IEEE软件,117,较易,"偏慢,4-8周",https://ieeexplore.ieee.org/xpl/RecentIssue.jsp?punumber=52
0018-9529,ieee transactions on reliability,IEEE可靠性事务,202,命中率约25%,平均6月,https://ieeexplore.ieee.org/xpl/RecentIssue.jsp?punumber=24
0025-5610,mathematical programming,数学规划,212,较易,"一般,3-6周",https://link.springer.com/journal/10107
0950-5849,information and software technology,信息与软件技术,110,较易,"偏慢,4-8周",https://www.journals.elsevier.com/information-and-software-technology
1086-4415,international journal of electronic commerce,国际电子商务杂志,24,较易,>12周，或约稿,https://www.ijec-web.org/
1936-4954,SIAM JOURNAL ON IMAGING SCIENCES,暹罗影像科学杂志,304,,"较快,2-4周",https://www.siam.org/Publications/Journals/SIAM-Journal-on-Imaging-Sciences-SIIMS
0164-1212,journal of systems and software,系统与软件杂志,219,命中率约50%,平均3月,https://www.elsevier.com/journals/journal-of-systems-and-software/0164-1212
0262-8856,image and vision computing,图像与视觉计算,337,命中率约20%,平均6月,https://www.journals.elsevier.com/image-and-vision-computing/
1569-190X,simulation modelling practice and theory,模拟建模实践与理论,96,较易,"较慢,6-12周",https://www.elsevier.com/journals/simulation-modelling-practice-and-theory/1569-190X
0167-7055,computer graphics forum,计算机图形论坛,253,容易,"一般,3-6周",https://onlinelibrary.wiley.com/journal/14678659
1551-6857,ACM TRANSACTIONS ON MULTIMEDIA COMPUTING COMMUNICATIONS AND APPLICATIONS,多媒体计算通信与应用交流,62,较易,"较慢,6-12周",https://tomm.acm.org/
1049-331X,acm transactions on software engineering and methodology,ACM软件工程与方法学汇刊,13,较易,>12周，或约稿,https://tosem.acm.org/
0018-9162,computer,计算机,216,容易,"一般,3-6周",https://ieeexplore.ieee.org/xpl/RecentIssue.jsp?punumber=2
1089-7801,ieee internet computing,IEEE互联网计算,79,较易,"较慢,6-12周",https://ieeexplore.ieee.org/xpl/RecentIssue.jsp?punumber=4236
0924-9907,journal of mathematical imaging and vision,数学成像与视觉杂志,150,较易,"一般,3-8周",https://link.springer.com/journal/10851
0272-1732,ieee micro,IEEE微,68,较易,"较慢,6-12周",https://ieeexplore.ieee.org/xpl/RecentIssue.jsp?punumber=40
1070-986X,ieee multimedia,ieee多媒体杂志,46,较易,>12周，或约稿,https://ieeexplore.ieee.org/xpl/RecentIssue.jsp?punumber=93
1477-8424,computer languages systems & structures,计算机语言系统和结构,41,较易,>12周，或约稿,https://www.journals.elsevier.com/computer-languages-systems-and-structures/
1047-3203,journal of visual communication and image representation,视觉传达与图像表示杂志,191,容易,"一般,3-8周",https://www.journals.elsevier.com/journal-of-visual-communication-and-image-representation/
0928-8910,AUTOMATED SOFTWARE ENGINEERING,自动化软件工程,28,较易,>12周，或约稿,https://link.springer.com/journal/10515
0947-3602,requirements engineering,需求工程,24,较易,>12周，或约稿,https://link.springer.com/journal/766
0004-5411,journal of the acm,ACM杂志,40,较易,>12周，或约稿,https://jacm.acm.org/
1533-5399,ACM TRANSACTIONS ON INTERNET TECHNOLOGY,互联网技术交流,50,较易,"较慢,6-12周",https://toit.acm.org/
1619-1366,SOFTWARE AND SYSTEMS MODELING,软件和系统建模,56,较易,"较慢,6-12周",http://sosym.org/
1615-5262,INTERNATIONAL JOURNAL OF INFORMATION SECURITY,国际信息安全杂志,37,命中率约75%,平均1月,https://www.springer.com/computer/security+and+cryptology/journal/10207
0272-1716,ieee computer graphics and applications,IEEE计算机图形与应用,80,较易,"较慢,6-12周",https://ieeexplore.ieee.org/xpl/RecentIssue.jsp?punumber=38
1520-9202,IT PROFESSIONAL,信息技术专业,150,,"一般,3-8周",http://www.medsci.cn/sci/url.do?id=b90d11930&q=w
0963-9314,software quality journal,软件质量期刊,42,较易,>12周，或约稿,https://www.springer.com/computer/swe/journal/11219
0960-0833,software testing verification & reliability,软件测试验证与可靠性,21,较易,>12周，或约稿,https://onlinelibrary.wiley.com/journal/10991689
1380-7501,multimedia tools and applications,多媒体工具和应用,2393,命中率约50%,平均6月,https://www.springer.com/computer/information+systems+and+applications/journal/11042
0167-8396,computer aided geometric design,计算机辅助几何设计,102,较易,"偏慢,4-8周",https://www.journals.elsevier.com/computer-aided-geometric-design/
0065-2458,advances in computers,计算机进展,18,较易,>12周，或约稿,https://www.elsevier.com/books/book-series/advances-in-computers
1556-4681,ACM Transactions on Knowledge Discovery from Data,ACM数据知识发现事务,27,容易,>12周，或约稿,http://www.medsci.cn/sci/url.do?id=9bbb11723&q=w
0378-4754,mathematics and computers in simulation,数学与计算机模拟,290,容易,"一般,3-6周",https://www.journals.elsevier.com/mathematics-and-computers-in-simulation/
0920-5489,computer standards & interfaces,计算机标准和接口,96,容易,"较慢,6-12周",https://www.journals.elsevier.com/computer-standards-and-interfaces/
0006-3835,BIT NUMERICAL MATHEMATICS,钻头数值数学,102,容易,"偏慢,4-8周",https://link.springer.com/journal/10543
1359-4338,VIRTUAL REALITY,虚拟现实,46,容易,>12周，或约稿,https://link.springer.com/journal/10055
1007-0214,TSINGHUA SCIENCE AND TECHNOLOGY,清华科技,128,容易,"偏慢,4-8周",http://qhdy.chinajournal.net.cn/WKE/WebPublication/index.aspx?mid=qhdy
1570-8268,journal of web semantics,网络语义学杂志,23,容易,>12周，或约稿,https://www.journals.elsevier.com/journal-of-web-semantics/
1058-9244,Scientific Programming,科学规划,77,容易,"较慢,6-12周",https://www.hindawi.com/journals/sp/
0038-0644,software-practice & experience,软件实践与经验,93,命中率约75%,平均6月,https://onlinelibrary.wiley.com/journal/1097024x
0163-5808,sigmod record,西格莫德唱片,28,容易,>12周，或约稿,https://sigmodrecord.org/
1540-7993,ieee security & privacy,IEEE安全与隐私,93,容易,"较慢,6-12周",https://ieeexplore.ieee.org/xpl/RecentIssue.jsp?punumber=8013
0097-8493,computers & graphics-uk,英国计算机与图形,90,容易,"较慢,6-12周",https://www.journals.elsevier.com/computers-and-graphics/
1055-6788,optimization methods & software,优化方法与软件,126,命中率约75%,平均2月,https://www.tandfonline.com/toc/goms20/current
2047-7473,JOURNAL OF SOFTWARE-EVOLUTION AND PROCESS,软件进化与过程杂志,62,容易,"较慢,6-12周",https://onlinelibrary.wiley.com/journal/20477481
1559-1131,ACM TRANSACTIONS ON THE WEB,ACM网上交易,26,容易,>12周，或约稿,https://tweb.acm.org/
1539-9087,ACM TRANSACTIONS ON EMBEDDED COMPUTING SYSTEMS,嵌入式计算系统的ACM事务,163,容易,"一般,3-8周",https://tecs.acm.org/
1386-145X,world wide web-internet and web information systems,万维网互联网和网络信息系统,65,容易,"较慢,6-12周",https://www.springer.com/computer/database+management+&+information+retrieval/journal/11280
1532-0626,concurrency and computation-practice & experience,并发与计算实践与经验,399,容易,"较快,2-4周",https://onlinelibrary.wiley.com/journal/15320634
2095-2228,FRONTIERS OF COMPUTER SCIENCE,计算机科学前沿,81,容易,"较慢,6-12周",https://www.springer.com/computer/journal/11704
1433-2779,INTERNATIONAL JOURNAL ON SOFTWARE TOOLS FOR TECHNOLOGY TRANSFER,翻译出错!,42,容易,>12周，或约稿,http://www.medsci.cn/sci/url.do?id=967913042&q=w
1741-1106,INTERNATIONAL JOURNAL OF WEB AND GRID SERVICES,国际网络与网格服务杂志,23,容易,>12周，或约稿,https://www.inderscience.com/jhome.php?jcode=ijwgs
0948-695X,journal of universal computer science,通用计算机科学杂志,50,容易,"较慢,6-12周",http://www.jucs.org/jucs_info/aims
0178-2789,visual computer,可视化计算机,133,容易,"偏慢,4-8周",https://www.springer.com/computer/image+processing/journal/371
1524-0703,graphical models,图形模型,20,容易,>12周，或约稿,https://www.sciencedirect.com/journal/graphical-models
0362-5915,acm transactions on database systems,数据库系统上的ACM事务,26,容易,>12周，或约稿,https://tods.acm.org/
1042-9832,random structures & algorithms,随机结构与算法,108,容易,"偏慢,4-8周",https://onlinelibrary.wiley.com/journal/10982418
1045-926X,journal of visual languages and computing,视觉语言与计算杂志,59,容易,"较慢,6-12周",https://www.journals.elsevier.com/journal-of-visual-languages-and-computing/
1544-3558,ACM TRANSACTIONS ON APPLIED PERCEPTION,应用知觉交流,26,容易,>12周，或约稿,https://dl.acm.org/citation.cfm?id=1870076&picked=prox
0018-8646,ibm journal of research and development,IBM研究与开发杂志,53,容易,"较慢,6-12周",http://www.medsci.cn/sci/url.do?id=95bb2786&q=w
1751-8806,IET Software,IET软件,40,容易,>12周，或约稿,https://digital-library.theiet.org/content/journals/iet-sen
0037-5497,simulation-transactions of the society for modeling and simulation international,国际模拟与仿真学会模拟交易,79,容易,"较慢,6-12周",https://journals.sagepub.com/home/sim
1553-3077,ACM TRANSACTIONS ON STORAGE,ACM存储事务,40,容易,>12周，或约稿,https://tos.acm.org/
1473-8716,INFORMATION VISUALIZATION,信息可视化,22,容易,>12周，或约稿,https://journals.sagepub.com/home/ivi
1383-7621,journal of systems architecture,系统体系结构杂志,92,命中率约25%,平均6月,https://www.journals.elsevier.com/journal-of-systems-architecture/
2095-9184,Frontiers of Information Technology & Electronic Engineering,信息技术与电子工程前沿,324,容易,"较快,2-4周",https://www.springer.com/computer/journal/11714
1943-068X,IEEE Transactions on Computational Intelligence and AI in Games,计算智能与人工智能在游戏中的应用,34,容易,>12周，或约稿,http://www.medsci.cn/sci/url.do?id=a03f12158&q=w
1000-9000,journal of computer science and technology,计算机科学与技术杂志,101,容易,"偏慢,4-8周",https://www.springer.com/computer/journal/11390
1471-0684,theory and practice of logic programming,逻辑程序设计理论与实践,123,容易,"偏慢,4-8周",http://www.medsci.cn/sci/url.do?id=2a426762&q=w
1084-4309,acm transactions on design automation of electronic systems,电子系统设计自动化学报,68,容易,"较慢,6-12周",https://todaes.acm.org/
0934-5043,formal aspects of computing,计算的形式方面,43,容易,>12周，或约稿,https://link.springer.com/journal/165
0010-4620,computer journal,计算机期刊,130,命中率约20%,平均3月,https://academic.oup.com/comjnl
1548-3924,INTERNATIONAL JOURNAL OF DATA WAREHOUSING AND MINING,国际数据仓储与挖掘杂志,16,容易,>12周，或约稿,https://www.igi-global.com/journal/international-journal-data-warehousing-mining/1085
0164-0925,acm transactions on programming languages and systems,ACM编程语言与系统汇刊,18,容易,>12周，或约稿,https://toplas.acm.org/
0167-6423,science of computer programming,计算机程序设计科学,77,容易,"较慢,6-12周",https://www.journals.elsevier.com/science-of-computer-programming/
0169-2968,fundamenta informaticae,信息基础,314,容易,"较快,2-4周",https://fi.mimuw.edu.pl/index.php/FI
0956-7968,journal of functional programming,功能规划杂志,25,容易,>12周，或约稿,http://www.medsci.cn/sci/url.do?id=2df06866&q=w
1546-4261,computer animation and virtual worlds,计算机动画和虚拟世界,57,容易,"较慢,6-12周",https://onlinelibrary.wiley.com/journal/1546427x
0178-4617,algorithmica,算法算法,314,容易,"较快,2-4周",http://algorithmica.co.in/
1820-0214,COMPUTER SCIENCE AND INFORMATION SYSTEMS,计算机科学与信息系统,51,容易,"较慢,6-12周",http://www.comsis.org/
1462-7264,discrete mathematics and theoretical computer science,离散数学与理论计算机科学,100,容易,"偏慢,4-8周",http://www.emis.de/journals/DMTCS/
0219-6913,international journal of wavelets multiresolution and information processing,国际小波多分辨与信息处理杂志,134,容易,"偏慢,4-8周",https://www.worldscientific.com/worldscinet/ijwmip
0929-5585,design automation for embedded systems,嵌入式系统设计自动化,14,容易,>12周，或约稿,https://link.springer.com/journal/10617
1745-1361,ieice transactions on information and systems,信息与系统交易,392,容易,"较快,2-4周",https://www.jstage.jst.go.jp/browse/transinf
1054-7460,presence-teleoperators and virtual environments,现场远程操作员和虚拟环境,13,容易,>12周，或约稿,https://www.mitpressjournals.org/loi/pres
1545-7362,International Journal of Web Services Research,国际网络服务研究杂志,22,容易,>12周，或约稿,http://www.medsci.cn/sci/url.do?id=ab8a7497&q=w
0218-1940,international journal of software engineering and knowledge engineering,国际软件工程与知识工程杂志,132,容易,"偏慢,4-8周",https://www.worldscientific.com/worldscinet/ijseke
1389-6911,icga journal,ICGA期刊,28,容易,>12周，或约稿,http://www.medsci.cn/sci/url.do?id=64fd2791&q=w
1540-9589,JOURNAL OF WEB ENGINEERING,网络工程杂志,29,容易,>12周，或约稿,http://www.rintonpress.com/journals/jwe/
0361-7688,programming and computer software,程序设计与计算机软件,42,容易,>12周，或约稿,https://www.springer.com/computer/journal/11086
1063-8016,journal of database management,数据库管理杂志,16,容易,>12周，或约稿,http://www.medsci.cn/sci/url.do?id=6b4d3668&q=w
1089-778X,ieee transactions on evolutionary computation,进化计算汇刊,61,较难,"较慢,6-12周",https://ieeexplore.ieee.org/xpl/RecentIssue.jsp?punumber=4235
2162-237X,IEEE Transactions on Neural Networks and Learning Systems,IEEE神经网络与学习系统汇刊,499,较难,"较快,2-4周",http://www.medsci.cn/sci/url.do?id=dec412160&q=w
2168-7161,IEEE Transactions on Cloud Computing,翻译出错!,空,空,空,空
1566-2535,Information Fusion,信息融合,78,较难,"较慢,6-12周",https://www.journals.elsevier.com/information-fusion/
1556-6013,IEEE Transactions on Information Forensics and Security,IEEE信息取证与安全事务,428,较难,"较快,2-4周",https://ieeexplore.ieee.org/xpl/RecentIssue.jsp?punumber=10206
0360-0300,acm computing surveys,ACM计算调查,93,较难,"较慢,6-12周",https://csur.acm.org/
0167-739X,FUTURE GENERATION COMPUTER SYSTEMS-THE INTERNATIONAL JOURNAL OF GRID COMPUTING AND ESCIENCE,未来一代计算机系统——国际网格计算与安全杂志,314,较易,"较快,2-4周",https://www.journals.elsevier.com/future-generation-computer-systems/
1045-9219,ieee transactions on parallel and distributed systems,并行和分布式系统的IEEE事务,506,命中率约25%,平均12月,https://ieeexplore.ieee.org/xpl/RecentIssue.jsp?punumber=71
2210-6502,Swarm and Evolutionary Computation,群体与进化计算,59,,"较慢,6-12周",https://www.journals.elsevier.com/swarm-and-evolutionary-computation/
0737-0024,human-computer interaction,人机交互,17,较难,>12周，或约稿,https://www.tandfonline.com/toc/hhci20/current
1387-3326,information systems frontiers,信息系统前沿,92,一般,"较慢,6-12周",https://www.springer.com/business+&+management/business+information+systems/journal/10796
1063-6692,ieee-acm transactions on networking,IEEE ACM网络事务,1137,较难,"超快,1-2周",http://www.medsci.cn/sci/url.do?id=da482812&q=w
0001-0782,communications of the acm,ACM的通信,307,较难,"较快,2-4周",https://cacm.acm.org/
1615-3375,foundations of computational mathematics,计算数学基础,84,较难,"较慢,6-12周",https://link.springer.com/journal/10208
0308-1079,international journal of general systems,国际通用系统杂志,78,命中率约50%,平均6月,http://www.medsci.cn/sci/url.do?id=e7c01877&q=w
2325-6095,IEEE CLOUD COMPUTING,翻译出错!,空,空,空,空
1570-7873,Journal of Grid Computing,网格计算杂志,30,较易,>12周，或约稿,https://www.springer.com/computer/communication+networks/journal/10723
0165-0114,fuzzy sets and systems,模糊集与系统,378,较易,"较快,2-4周",https://www.elsevier.com/journals/fuzzy-sets-and-systems/0165-0114
0169-2607,computer methods and programs in biomedicine,生物医学中的计算机方法和程序,638,命中率约37.5%,平均4.6月,https://www.journals.elsevier.com/computer-methods-and-programs-in-biomedicine/
1063-6560,EVOLUTIONARY COMPUTATION,进化计算,23,较易,>12周，或约稿,https://www.mitpressjournals.org/loi/evco
0164-1212,journal of systems and software,系统与软件杂志,219,命中率约50%,平均3月,https://www.elsevier.com/journals/journal-of-systems-and-software/0164-1212
1758-0366,International Journal of Bio-Inspired Computation,国际生物启发计算杂志,49,较易,>12周，或约稿,https://www.inderscience.com/jhome.php?jcode=ijbic
1570-0844,Semantic Web,语义网,55,较易,"较慢,6-12周",https://www.w3.org/standards/semanticweb/
0020-7721,international journal of systems science,国际系统科学杂志,874,命中率约50%,平均6月,https://www.tandfonline.com/toc/tsys20/current
0262-8856,image and vision computing,图像与视觉计算,337,命中率约20%,平均6月,https://www.journals.elsevier.com/image-and-vision-computing/
0923-6082,multidimensional systems and signal processing,多维系统与信号处理,156,容易,"一般,3-8周",https://www.editorialmanager.com/mult/default.aspx
1551-6857,ACM TRANSACTIONS ON MULTIMEDIA COMPUTING COMMUNICATIONS AND APPLICATIONS,多媒体计算通信与应用交流,62,较易,"较慢,6-12周",https://tomm.acm.org/
1094-3420,international journal of high performance computing applications,国际高性能计算应用杂志,41,较易,>12周，或约稿,https://journals.sagepub.com/home/hpc
1942-4787,WILEY INTERDISCIPLINARY REVIEWS-DATA MINING AND KNOWLEDGE DISCOVERY,威利跨学科回顾-数据挖掘和知识发现,24,较易,>12周，或约稿,http://www.medsci.cn/sci/url.do?id=515b12120&q=w
1877-7503,JOURNAL OF COMPUTATIONAL SCIENCE,计算科学杂志,141,,"偏慢,4-8周",https://www.journals.elsevier.com/journal-of-computational-science/
1070-986X,ieee multimedia,ieee多媒体杂志,46,较易,>12周，或约稿,https://ieeexplore.ieee.org/xpl/RecentIssue.jsp?punumber=93
0960-3174,statistics and computing,统计与计算,204,容易,"一般,3-6周",https://www.springer.com/statistics/journal/11222
0743-7315,journal of parallel and distributed computing,并行与分布式计算杂志,171,容易,平均3月,https://www.journals.elsevier.com/journal-of-parallel-and-distributed-computing/
0166-5316,performance evaluation,绩效评价,53,较易,"较慢,6-12周",https://www.journals.elsevier.com/performance-evaluation/
0734-2071,acm transactions on computer systems,计算机系统的ACM事务,13,较易,>12周，或约稿,https://tocs.acm.org/
0004-5411,journal of the acm,ACM杂志,40,较易,>12周，或约稿,https://jacm.acm.org/
0942-4962,multimedia systems,多媒体系统,58,较易,"较慢,6-12周",https://www.springer.com/computer/security+and+cryptology/journal/530
1615-5262,INTERNATIONAL JOURNAL OF INFORMATION SECURITY,国际信息安全杂志,37,命中率约75%,平均1月,https://www.springer.com/computer/security+and+cryptology/journal/10207
0010-485X,computing,计算,64,较易,"较慢,6-12周",https://www.springer.com/computer/journal/607
1386-7857,cluster computing-the journal of networks software tools and applications,集群计算网络软件工具和应用杂志,286,容易,"一般,3-6周",https://www.springer.com/computer/communication+networks/journal/10586
1533-7146,QUANTUM INFORMATION & COMPUTATION,量子信息与计算,86,较易,"较慢,6-12周",https://dblp.uni-trier.de/db/journals/qic/index.html
0922-6443,real-time systems,实时系统,28,命中率约5%,平均6月,https://www.real-time-systems.com/
1380-7501,multimedia tools and applications,多媒体工具和应用,2393,命中率约50%,平均6月,https://www.springer.com/computer/information+systems+and+applications/journal/11042
0920-8542,journal of supercomputing,超级计算杂志,505,容易,"很快,2-3周",https://www.springer.com/computer/swe/journal/11227
0022-0000,journal of computer and system sciences,计算机与系统科学杂志,111,容易,"偏慢,4-8周",https://www.journals.elsevier.com/journal-of-computer-and-system-sciences/
2167-6461,Big Data,大数据,31,命中率约50%,平均2月,https://www.ibm.com/analytics/hadoop/big-data-analytics
1389-2576,GENETIC PROGRAMMING AND EVOLVABLE MACHINES,遗传规划与进化机器,29,容易,>12周，或约稿,https://www.springer.com/new+&+forthcoming+titles+%28default%29/journal/10710
0266-4720,expert systems,专家系统,52,容易,"较慢,6-12周",https://onlinelibrary.wiley.com/journal/14680394
1556-4665,ACM TRANSACTIONS ON AUTONOMOUS AND ADAPTIVE SYSTEMS,关于自主和自适应系统的ACM事务,22,容易,>12周，或约稿,https://taas.acm.org/
1936-2447,CRYPTOGRAPHY AND COMMUNICATIONS-DISCRETE-STRUCTURES BOOLEAN FUNCTIONS AND SEQUENCES,密码学和通信离散结构布尔函数和序列,94,容易,"较慢,6-12周",https://www.springer.com/computer/security+and+cryptology/journal/12095
1544-3566,ACM TRANSACTIONS ON ARCHITECTURE AND CODE OPTIMIZATION,ACM体系结构和代码优化事务,55,容易,"较慢,6-12周",https://dl.acm.org/citation.cfm?id=J924
1381-1231,journal of heuristics,启发学杂志,20,容易,>12周，或约稿,https://link.springer.com/journal/10732
1532-0626,concurrency and computation-practice & experience,并发与计算实践与经验,399,容易,"较快,2-4周",https://onlinelibrary.wiley.com/journal/15320634
0925-1022,designs codes and cryptography,设计代码和密码学,290,容易,"一般,3-6周",https://www.springer.com/computer/security+and+cryptology/journal/10623
2095-2228,FRONTIERS OF COMPUTER SCIENCE,计算机科学前沿,81,容易,"较慢,6-12周",https://www.springer.com/computer/journal/11704
0960-1295,mathematical structures in computer science,计算机科学中的数学结构,70,容易,"较慢,6-12周",http://www.medsci.cn/sci/url.do?id=87644840&q=w
0890-5401,information and computation,信息与计算,240,容易,"一般,3-6周",http://iandc.csail.mit.edu/
0948-695X,journal of universal computer science,通用计算机科学杂志,50,容易,"较慢,6-12周",http://www.jucs.org/jucs_info/aims
0933-2790,journal of cryptology,密码学杂志,91,容易,"较慢,6-12周",https://link.springer.com/journal/145
0141-9331,microprocessors and microsystems,微处理器和微系统,328,容易,"较快,2-4周",https://www.journals.elsevier.com/microprocessors-and-microsystems/
1548-7199,INTERNATIONAL JOURNAL OF UNCONVENTIONAL COMPUTING,国际非常规计算杂志,19,容易,>12周，或约稿,https://www.oldcitypublishing.com/journals/
0018-8646,ibm journal of research and development,IBM研究与开发杂志,53,容易,"较慢,6-12周",http://www.medsci.cn/sci/url.do?id=95bb2786&q=w
0167-8191,parallel computing,并行计算,53,容易,"较慢,6-12周",https://www.journals.elsevier.com/parallel-computing/
0954-0091,connection science,连接科学,35,容易,>12周，或约稿,https://www.tandfonline.com/loi/ccos20
0926-8782,distributed and parallel databases,分布式和并行数据库,16,容易,>12周，或约稿,https://link.springer.com/journal/10619
0097-5397,siam journal on computing,暹罗计算杂志,124,容易,"偏慢,4-8周",https://www.siam.org/Publications/Journals/SIAM-Journal-on-Computing-SICOMP
1064-5462,artificial life,人工生命,28,容易,>12周，或约稿,https://www.mitpressjournals.org/loi/artl
0885-7458,international journal of parallel programming,国际并行程序设计杂志,81,容易,"较慢,6-12周",https://www.springer.com/computer/theoretical+computer+science/journal/10766
1751-8709,IET Information Security,IET信息安全,53,容易,"较慢,6-12周",https://digital-library.theiet.org/content/journals/iet-ifs
1471-0684,theory and practice of logic programming,逻辑程序设计理论与实践,123,容易,"偏慢,4-8周",http://www.medsci.cn/sci/url.do?id=2a426762&q=w
1567-7818,NATURAL COMPUTING,自然计算,50,容易,"较慢,6-12周",https://link.springer.com/journal/11047
0267-6192,computer systems science and engineering,计算机系统科学与工程,42,容易,>12周，或约稿,http://www.medsci.cn/sci/url.do?id=90fb1725&q=w
0178-2770,distributed computing,分布式计算,23,容易,>12周，或约稿,https://link.springer.com/journal/446
0925-9856,formal methods in system design,系统设计中的形式化方法,33,容易,>12周，或约稿,https://link.springer.com/journal/10703
0010-4620,computer journal,计算机期刊,130,命中率约20%,平均3月,https://academic.oup.com/comjnl
1570-5838,APPLIED ONTOLOGY,应用本体论,17,容易,>12周，或约稿,https://www.iospress.nl/journal/applied-ontology/
0304-3975,theoretical computer science,理论计算机科学,379,容易,"较快,2-4周",https://www.journals.elsevier.com/theoretical-computer-science/
0747-7171,journal of symbolic computation,符号计算杂志,218,容易,"一般,3-6周",https://www.journals.elsevier.com/journal-of-symbolic-computation/
0955-792X,journal of logic and computation,逻辑与计算杂志,285,容易,"一般,3-6周",https://academic.oup.com/logcom
0219-7499,international journal of quantum information,国际量子信息杂志,172,容易,"一般,3-8周",https://www.worldscientific.com/worldscinet/ijqi
1529-3785,ACM Transactions on Computational Logic,计算逻辑上的ACM事务,99,容易,"较慢,6-12周",https://tocl.acm.org/
0288-3635,new generation computing,新一代计算,23,容易,>12周，或约稿,https://www.springer.com/new+&+forthcoming+titles+%28default%29/journal/354
0963-5483,combinatorics probability & computing,组合概率与计算,106,容易,"偏慢,4-8周",http://www.medsci.cn/sci/url.do?id=91851627&q=w
0179-5376,discrete & computational geometry,离散几何与计算几何,174,容易,"一般,3-8周",https://link.springer.com/journal/454
1383-7133,constraints,约束条件,23,容易,>12周，或约稿,https://link.springer.com/journal/10601
1549-6325,ACM TRANSACTIONS ON ALGORITHMS,ACM算法事务,76,容易,"较慢,6-12周",https://talg.acm.org/
0127-9084,MALAYSIAN JOURNAL OF COMPUTER SCIENCE,马来西亚计算机科学杂志,20,容易,>12周，或约稿,http://ejum.fsktm.um.edu.my/VolumeListing.aspx?JournalID=4
1751-8601,IET COMPUTERS AND DIGITAL TECHNIQUES,IET计算机和数字技术,27,容易,>12周，或约稿,https://digital-library.theiet.org/content/journals/iet-cdt
2352-2208,JOURNAL OF LOGICAL AND ALGEBRAIC METHODS IN PROGRAMMING,程序设计中的逻辑和代数方法杂志,187,容易,"一般,3-8周",https://www.journals.elsevier.com/journal-of-logical-and-algebraic-methods-in-programming/
1058-6180,ieee annals of the history of computing,IEEE计算历史年鉴,39,容易,>12周，或约稿,https://ieeexplore.ieee.org/xpl/RecentIssue.jsp?punumber=85
1930-5346,ADVANCES IN MATHEMATICS OF COMMUNICATIONS,通信数学进展,124,容易,"偏慢,4-8周",http://www.medsci.cn/sci/url.do?id=c0ae7294&q=w
1064-2307,journal of computer and systems sciences international,国际计算机与系统科学杂志,81,容易,"较慢,6-12周",https://www.springer.com/engineering/control/journal/11488
1557-5969,JOURNAL OF CELLULAR AUTOMATA,细胞自动机杂志,52,容易,"较慢,6-12周",http://www.medsci.cn/sci/url.do?id=91c23542&q=w
1860-5974,LOGICAL METHODS IN COMPUTER SCIENCE,计算机科学中的逻辑方法,297,容易,"一般,3-6周",http://www.medsci.cn/sci/url.do?id=13cb10567&q=w
1016-3328,computational complexity,计算复杂性,48,容易,>12周，或约稿,https://link.springer.com/journal/37
0938-1279,applicable algebra in engineering communication and computing,工程通信与计算中的应用代数,64,容易,"较慢,6-12周",https://www.springer.com/computer/theoretical+computer+science/journal/200
1432-4350,theory of computing systems,计算系统理论,174,容易,"一般,3-8周",https://link.springer.com/journal/224
1542-3980,journal of multiple-valued logic and soft computing,多值逻辑与软计算杂志,195,容易,"一般,3-8周",http://www.medsci.cn/sci/url.do?id=00e94082&q=w
0032-9460,PROBLEMS OF INFORMATION TRANSMISSION,信息传递问题,68,容易,"较慢,6-12周",https://www.springer.com/engineering/signals/journal/11122
0129-0541,international journal of foundations of computer science,国际计算机科学基础杂志,60,容易,"较慢,6-12周",https://www.worldscientific.com/worldscinet/ijfcs
0161-1194,cryptologia,密码术,46,容易,>12周，或约稿,http://www.medsci.cn/sci/url.do?id=3c10696&q=w
1540-9589,JOURNAL OF WEB ENGINEERING,网络工程杂志,29,容易,>12周，或约稿,http://www.rintonpress.com/journals/jwe/
1453-8245,ROMANIAN JOURNAL OF INFORMATION SCIENCE AND TECHNOLOGY,罗马尼亚信息科学与技术杂志,69,容易,"较慢,6-12周",http://www.medsci.cn/sci/url.do?id=268910874&q=w
