issn,分类,总被引频次,影响因子,分区
0920-5691,"COMPUTER SCIENCE, ARTIFICIAL INTELLIGENCE",16572,11.541,1
0162-8828,"COMPUTER SCIENCE, ARTIFICIAL INTELLIGENCE",46505,9.455,1
2168-2267,"COMPUTER SCIENCE, ARTIFICIAL INTELLIGENCE",9424,8.803,1
1063-6706,"COMPUTER SCIENCE, ARTIFICIAL INTELLIGENCE",12946,8.415,1
1089-778X,"COMPUTER SCIENCE, ARTIFICIAL INTELLIGENCE",10682,8.124,1
2162-237X,"COMPUTER SCIENCE, ARTIFICIAL INTELLIGENCE",19867,7.982,1
0893-6080,"COMPUTER SCIENCE, ARTIFICIAL INTELLIGENCE",10086,7.197,2
1566-2535,"COMPUTER SCIENCE, ARTIFICIAL INTELLIGENCE",3303,6.639,2
1556-603X,"COMPUTER SCIENCE, ARTIFICIAL INTELLIGENCE",980,6.611,2
1361-8415,"COMPUTER SCIENCE, ARTIFICIAL INTELLIGENCE",6383,5.356,2
1057-7149,"COMPUTER SCIENCE, ARTIFICIAL INTELLIGENCE",31355,5.071,2
1949-3045,"COMPUTER SCIENCE, ARTIFICIAL INTELLIGENCE",1333,4.585,2
0129-0657,"COMPUTER SCIENCE, ARTIFICIAL INTELLIGENCE",1622,4.58,2
0950-7051,"COMPUTER SCIENCE, ARTIFICIAL INTELLIGENCE",9172,4.396,2
0941-0643,"COMPUTER SCIENCE, ARTIFICIAL INTELLIGENCE",5191,4.213,2
0031-3203,"COMPUTER SCIENCE, ARTIFICIAL INTELLIGENCE",22195,3.962,2
1568-4946,"COMPUTER SCIENCE, ARTIFICIAL INTELLIGENCE",14474,3.907,2
2210-6502,"COMPUTER SCIENCE, ARTIFICIAL INTELLIGENCE",1517,3.818,2
0269-2821,"COMPUTER SCIENCE, ARTIFICIAL INTELLIGENCE",1896,3.814,2
0957-4174,"COMPUTER SCIENCE, ARTIFICIAL INTELLIGENCE",33177,3.768,2
1069-2509,"COMPUTER SCIENCE, ARTIFICIAL INTELLIGENCE",587,3.667,2
0956-5515,"COMPUTER SCIENCE, ARTIFICIAL INTELLIGENCE",3457,3.667,2
0167-9236,"COMPUTER SCIENCE, ARTIFICIAL INTELLIGENCE",8810,3.565,2
1866-9956,"COMPUTER SCIENCE, ARTIFICIAL INTELLIGENCE",1049,3.479,2
0884-8173,"COMPUTER SCIENCE, ARTIFICIAL INTELLIGENCE",2554,3.363,2
1474-0346,"COMPUTER SCIENCE, ARTIFICIAL INTELLIGENCE",2083,3.358,2
0925-2312,"COMPUTER SCIENCE, ARTIFICIAL INTELLIGENCE",22735,3.241,3
0004-3702,"COMPUTER SCIENCE, ARTIFICIAL INTELLIGENCE",7818,3.034,3
2157-6904,"COMPUTER SCIENCE, ARTIFICIAL INTELLIGENCE",3392,2.973,3
1943-0604,"COMPUTER SCIENCE, ARTIFICIAL INTELLIGENCE",324,2.889,3
0933-3657,"COMPUTER SCIENCE, ARTIFICIAL INTELLIGENCE",2097,2.879,3
0952-1976,"COMPUTER SCIENCE, ARTIFICIAL INTELLIGENCE",5555,2.819,3
1041-4347,"COMPUTER SCIENCE, ARTIFICIAL INTELLIGENCE",9373,2.775,3
0169-7439,"COMPUTER SCIENCE, ARTIFICIAL INTELLIGENCE",7563,2.701,3
1868-8071,"COMPUTER SCIENCE, ARTIFICIAL INTELLIGENCE",1134,2.692,3
0921-8890,"COMPUTER SCIENCE, ARTIFICIAL INTELLIGENCE",4659,2.638,3
1662-5218,"COMPUTER SCIENCE, ARTIFICIAL INTELLIGENCE",353,2.606,3
1541-1672,"COMPUTER SCIENCE, ARTIFICIAL INTELLIGENCE",2638,2.596,3
2168-2291,"COMPUTER SCIENCE, ARTIFICIAL INTELLIGENCE",891,2.563,3
1384-5810,"COMPUTER SCIENCE, ARTIFICIAL INTELLIGENCE",2876,2.481,3
0957-4158,"COMPUTER SCIENCE, ARTIFICIAL INTELLIGENCE",3857,2.423,3
1562-2479,"COMPUTER SCIENCE, ARTIFICIAL INTELLIGENCE",1213,2.396,3
1077-3142,"COMPUTER SCIENCE, ARTIFICIAL INTELLIGENCE",5528,2.391,3
1063-6560,"COMPUTER SCIENCE, ARTIFICIAL INTELLIGENCE",2629,2.388,3
1432-7643,"COMPUTER SCIENCE, ARTIFICIAL INTELLIGENCE",4456,2.367,3
1936-4954,"COMPUTER SCIENCE, ARTIFICIAL INTELLIGENCE",3184,2.361,3
1532-4435,"COMPUTER SCIENCE, ARTIFICIAL INTELLIGENCE",17586,2.281,3
1758-0366,"COMPUTER SCIENCE, ARTIFICIAL INTELLIGENCE",590,2.266,3
0219-1377,"COMPUTER SCIENCE, ARTIFICIAL INTELLIGENCE",2343,2.247,3
0929-5593,"COMPUTER SCIENCE, ARTIFICIAL INTELLIGENCE",2537,2.244,3
1570-0844,"COMPUTER SCIENCE, ARTIFICIAL INTELLIGENCE",522,2.224,3
0262-8856,"COMPUTER SCIENCE, ARTIFICIAL INTELLIGENCE",5280,2.159,3
1568-4539,"COMPUTER SCIENCE, ARTIFICIAL INTELLIGENCE",826,2.022,3
1875-6891,"COMPUTER SCIENCE, ARTIFICIAL INTELLIGENCE",974,2,3
0924-669X,"COMPUTER SCIENCE, ARTIFICIAL INTELLIGENCE",1702,1.983,3
2379-8920,"COMPUTER SCIENCE, ARTIFICIAL INTELLIGENCE",56,1.952,3
0167-8655,"COMPUTER SCIENCE, ARTIFICIAL INTELLIGENCE",10799,1.952,3
1942-4787,"COMPUTER SCIENCE, ARTIFICIAL INTELLIGENCE",547,1.939,3
0924-9907,"COMPUTER SCIENCE, ARTIFICIAL INTELLIGENCE",2049,1.927,3
1865-9284,"COMPUTER SCIENCE, ARTIFICIAL INTELLIGENCE",310,1.925,3
0885-6125,"COMPUTER SCIENCE, ARTIFICIAL INTELLIGENCE",13453,1.855,3
2047-4938,"COMPUTER SCIENCE, ARTIFICIAL INTELLIGENCE",280,1.836,3
1370-4621,"COMPUTER SCIENCE, ARTIFICIAL INTELLIGENCE",1487,1.787,3
0885-2308,"COMPUTER SCIENCE, ARTIFICIAL INTELLIGENCE",1211,1.776,3
0888-613X,"COMPUTER SCIENCE, ARTIFICIAL INTELLIGENCE",3384,1.766,3
0219-6220,"COMPUTER SCIENCE, ARTIFICIAL INTELLIGENCE",852,1.755,3
1641-876X,"COMPUTER SCIENCE, ARTIFICIAL INTELLIGENCE",1120,1.694,4
0899-7667,"COMPUTER SCIENCE, ARTIFICIAL INTELLIGENCE",10797,1.651,4
0921-0296,"COMPUTER SCIENCE, ARTIFICIAL INTELLIGENCE",2664,1.583,4
1861-8200,"COMPUTER SCIENCE, ARTIFICIAL INTELLIGENCE",634,1.574,4
1935-3812,"COMPUTER SCIENCE, ARTIFICIAL INTELLIGENCE",568,1.52,4
0886-9383,"COMPUTER SCIENCE, ARTIFICIAL INTELLIGENCE",3171,1.5,4
0169-023X,"COMPUTER SCIENCE, ARTIFICIAL INTELLIGENCE",1520,1.467,4
1389-2576,"COMPUTER SCIENCE, ARTIFICIAL INTELLIGENCE",307,1.455,4
0266-4720,"COMPUTER SCIENCE, ARTIFICIAL INTELLIGENCE",568,1.43,4
1064-1246,"COMPUTER SCIENCE, ARTIFICIAL INTELLIGENCE",3841,1.426,4
1389-0417,"COMPUTER SCIENCE, ARTIFICIAL INTELLIGENCE",508,1.425,4
1868-5137,"COMPUTER SCIENCE, ARTIFICIAL INTELLIGENCE",515,1.423,4
1751-9659,"COMPUTER SCIENCE, ARTIFICIAL INTELLIGENCE",1000,1.401,4
0824-7935,"COMPUTER SCIENCE, ARTIFICIAL INTELLIGENCE",624,1.352,4
1570-8268,"COMPUTER SCIENCE, ARTIFICIAL INTELLIGENCE",961,1.348,4
0168-7433,"COMPUTER SCIENCE, ARTIFICIAL INTELLIGENCE",585,1.321,4
0891-2017,"COMPUTER SCIENCE, ARTIFICIAL INTELLIGENCE",1864,1.319,4
0932-8092,"COMPUTER SCIENCE, ARTIFICIAL INTELLIGENCE",1854,1.306,4
1433-2833,"COMPUTER SCIENCE, ARTIFICIAL INTELLIGENCE",506,1.298,4
1433-7541,"COMPUTER SCIENCE, ARTIFICIAL INTELLIGENCE",869,1.281,4
1076-9757,"COMPUTER SCIENCE, ARTIFICIAL INTELLIGENCE",3157,1.257,4
1556-4665,"COMPUTER SCIENCE, ARTIFICIAL INTELLIGENCE",420,1.216,4
1387-2532,"COMPUTER SCIENCE, ARTIFICIAL INTELLIGENCE",756,1.176,4
0218-4885,"COMPUTER SCIENCE, ARTIFICIAL INTELLIGENCE",1509,1.159,4
1783-7677,"COMPUTER SCIENCE, ARTIFICIAL INTELLIGENCE",189,1.14,4
1381-1231,"COMPUTER SCIENCE, ARTIFICIAL INTELLIGENCE",1122,1.129,4
0925-9902,"COMPUTER SCIENCE, ARTIFICIAL INTELLIGENCE",794,1.107,4
1751-9632,"COMPUTER SCIENCE, ARTIFICIAL INTELLIGENCE",555,1.087,4
0269-8889,"COMPUTER SCIENCE, ARTIFICIAL INTELLIGENCE",864,1.07,4
0890-0604,"COMPUTER SCIENCE, ARTIFICIAL INTELLIGENCE",703,1.045,4
0738-4602,"COMPUTER SCIENCE, ARTIFICIAL INTELLIGENCE",1293,1.032,4
0218-0014,"COMPUTER SCIENCE, ARTIFICIAL INTELLIGENCE",1202,1.029,4
0952-813X,"COMPUTER SCIENCE, ARTIFICIAL INTELLIGENCE",538,1.011,4
1059-7123,"COMPUTER SCIENCE, ARTIFICIAL INTELLIGENCE",583,1,4
0954-0091,"COMPUTER SCIENCE, ARTIFICIAL INTELLIGENCE",326,0.933,4
1012-2443,"COMPUTER SCIENCE, ARTIFICIAL INTELLIGENCE",751,0.899,4
1064-5462,"COMPUTER SCIENCE, ARTIFICIAL INTELLIGENCE",721,0.897,4
1943-068X,"COMPUTER SCIENCE, ARTIFICIAL INTELLIGENCE",401,0.897,4
1876-1364,"COMPUTER SCIENCE, ARTIFICIAL INTELLIGENCE",362,0.878,4
1932-1864,"COMPUTER SCIENCE, ARTIFICIAL INTELLIGENCE",336,0.865,4
1567-7818,"COMPUTER SCIENCE, ARTIFICIAL INTELLIGENCE",743,0.86,4
0924-6495,"COMPUTER SCIENCE, ARTIFICIAL INTELLIGENCE",355,0.842,4
1392-124X,"COMPUTER SCIENCE, ARTIFICIAL INTELLIGENCE",229,0.8,4
1351-3249,"COMPUTER SCIENCE, ARTIFICIAL INTELLIGENCE",345,0.8,4
1552-6283,"COMPUTER SCIENCE, ARTIFICIAL INTELLIGENCE",309,0.793,4
2212-683X,"COMPUTER SCIENCE, ARTIFICIAL INTELLIGENCE",130,0.787,4
1570-5838,"COMPUTER SCIENCE, ARTIFICIAL INTELLIGENCE",165,0.774,4
0954-898X,"COMPUTER SCIENCE, ARTIFICIAL INTELLIGENCE",772,0.706,4
1582-7445,"COMPUTER SCIENCE, ARTIFICIAL INTELLIGENCE",358,0.699,4
1088-467X,"COMPUTER SCIENCE, ARTIFICIAL INTELLIGENCE",772,0.691,4
1383-7133,"COMPUTER SCIENCE, ARTIFICIAL INTELLIGENCE",262,0.66,4
1079-8587,"COMPUTER SCIENCE, ARTIFICIAL INTELLIGENCE",363,0.652,4
0127-9084,"COMPUTER SCIENCE, ARTIFICIAL INTELLIGENCE",102,0.65,4
0883-9514,"COMPUTER SCIENCE, ARTIFICIAL INTELLIGENCE",618,0.587,4
1300-0632,"COMPUTER SCIENCE, ARTIFICIAL INTELLIGENCE",927,0.58,4
0218-2130,"COMPUTER SCIENCE, ARTIFICIAL INTELLIGENCE",411,0.565,4
1064-2307,"COMPUTER SCIENCE, ARTIFICIAL INTELLIGENCE",460,0.554,4
0925-8531,"COMPUTER SCIENCE, ARTIFICIAL INTELLIGENCE",246,0.536,4
1210-0552,"COMPUTER SCIENCE, ARTIFICIAL INTELLIGENCE",264,0.5,4
1683-3198,"COMPUTER SCIENCE, ARTIFICIAL INTELLIGENCE",524,0.466,4
0921-7126,"COMPUTER SCIENCE, ARTIFICIAL INTELLIGENCE",399,0.461,4
1542-3980,"COMPUTER SCIENCE, ARTIFICIAL INTELLIGENCE",380,0.437,4
1335-9150,"COMPUTER SCIENCE, ARTIFICIAL INTELLIGENCE",367,0.41,4
0218-1940,"COMPUTER SCIENCE, ARTIFICIAL INTELLIGENCE",360,0.397,4
2375-4699,"COMPUTER SCIENCE, ARTIFICIAL INTELLIGENCE",23,0.339,4
0765-0019,"COMPUTER SCIENCE, ARTIFICIAL INTELLIGENCE",51,0.057,4
2168-2267,"COMPUTER SCIENCE, CYBERNETICS",9424,8.803,1
2168-2216,"COMPUTER SCIENCE, CYBERNETICS",6580,5.131,2
1949-3045,"COMPUTER SCIENCE, CYBERNETICS",1333,4.585,2
0737-0024,"COMPUTER SCIENCE, CYBERNETICS",1278,3.379,2
0924-1868,"COMPUTER SCIENCE, CYBERNETICS",767,2.808,3
2168-2291,"COMPUTER SCIENCE, CYBERNETICS",891,2.563,3
1071-5819,"COMPUTER SCIENCE, CYBERNETICS",3735,2.3,3
1939-1412,"COMPUTER SCIENCE, CYBERNETICS",838,1.869,3
0340-1200,"COMPUTER SCIENCE, CYBERNETICS",4659,1.44,3
0144-929X,"COMPUTER SCIENCE, CYBERNETICS",2129,1.38,3
0932-8092,"COMPUTER SCIENCE, CYBERNETICS",1854,1.306,3
1044-7318,"COMPUTER SCIENCE, CYBERNETICS",1460,1.259,4
0196-9722,"COMPUTER SCIENCE, CYBERNETICS",659,1.197,4
1615-5289,"COMPUTER SCIENCE, CYBERNETICS",518,1.176,4
1783-7677,"COMPUTER SCIENCE, CYBERNETICS",189,1.14,4
0368-492X,"COMPUTER SCIENCE, CYBERNETICS",952,0.98,4
1073-0516,"COMPUTER SCIENCE, CYBERNETICS",894,0.972,4
0953-5438,"COMPUTER SCIENCE, CYBERNETICS",1348,0.809,4
0332-7353,"COMPUTER SCIENCE, CYBERNETICS",383,0.667,4
0023-5954,"COMPUTER SCIENCE, CYBERNETICS",808,0.632,4
1064-2307,"COMPUTER SCIENCE, CYBERNETICS",460,0.554,4
1054-7460,"COMPUTER SCIENCE, CYBERNETICS",1590,0.426,4
1536-1284,"COMPUTER SCIENCE, HARDWARE & ARCHITECTURE",6702,9.202,1
2162-237X,"COMPUTER SCIENCE, HARDWARE & ARCHITECTURE",19867,7.982,1
0890-8044,"COMPUTER SCIENCE, HARDWARE & ARCHITECTURE",3372,7.197,2
1545-5971,"COMPUTER SCIENCE, HARDWARE & ARCHITECTURE",1692,4.41,2
1084-8045,"COMPUTER SCIENCE, HARDWARE & ARCHITECTURE",5072,3.991,2
1063-6692,"COMPUTER SCIENCE, HARDWARE & ARCHITECTURE",7390,3.11,2
0001-0782,"COMPUTER SCIENCE, HARDWARE & ARCHITECTURE",17147,3.063,2
0018-9340,"COMPUTER SCIENCE, HARDWARE & ARCHITECTURE",9595,3.052,2
1943-0620,"COMPUTER SCIENCE, HARDWARE & ARCHITECTURE",2340,2.742,2
0018-9529,"COMPUTER SCIENCE, HARDWARE & ARCHITECTURE",5490,2.729,2
1066-8888,"COMPUTER SCIENCE, HARDWARE & ARCHITECTURE",2197,2.689,3
1389-1286,"COMPUTER SCIENCE, HARDWARE & ARCHITECTURE",9123,2.522,3
1383-469X,"COMPUTER SCIENCE, HARDWARE & ARCHITECTURE",1810,2.497,3
0278-0070,"COMPUTER SCIENCE, HARDWARE & ARCHITECTURE",4913,2.089,3
1094-3420,"COMPUTER SCIENCE, HARDWARE & ARCHITECTURE",829,2.015,3
0018-9162,"COMPUTER SCIENCE, HARDWARE & ARCHITECTURE",6201,1.94,3
0272-1732,"COMPUTER SCIENCE, HARDWARE & ARCHITECTURE",1499,1.913,3
1070-986X,"COMPUTER SCIENCE, HARDWARE & ARCHITECTURE",844,1.898,3
0166-5316,"COMPUTER SCIENCE, HARDWARE & ARCHITECTURE",1418,1.786,3
0045-7906,"COMPUTER SCIENCE, HARDWARE & ARCHITECTURE",2473,1.747,3
1063-8210,"COMPUTER SCIENCE, HARDWARE & ARCHITECTURE",5129,1.744,3
0004-5411,"COMPUTER SCIENCE, HARDWARE & ARCHITECTURE",6167,1.744,3
1550-4832,"COMPUTER SCIENCE, HARDWARE & ARCHITECTURE",460,1.672,3
2168-2356,"COMPUTER SCIENCE, HARDWARE & ARCHITECTURE",1199,1.538,3
0920-8542,"COMPUTER SCIENCE, HARDWARE & ARCHITECTURE",2421,1.532,3
1556-6056,"COMPUTER SCIENCE, HARDWARE & ARCHITECTURE",303,1.521,3
0065-2458,"COMPUTER SCIENCE, HARDWARE & ARCHITECTURE",397,1.514,4
0022-0000,"COMPUTER SCIENCE, HARDWARE & ARCHITECTURE",3760,1.497,4
0920-5489,"COMPUTER SCIENCE, HARDWARE & ARCHITECTURE",1259,1.465,4
2162-2248,"COMPUTER SCIENCE, HARDWARE & ARCHITECTURE",259,1.434,4
2210-5379,"COMPUTER SCIENCE, HARDWARE & ARCHITECTURE",175,1.196,4
0141-9382,"COMPUTER SCIENCE, HARDWARE & ARCHITECTURE",986,1.175,4
1539-9087,"COMPUTER SCIENCE, HARDWARE & ARCHITECTURE",1214,1.156,4
1544-3566,"COMPUTER SCIENCE, HARDWARE & ARCHITECTURE",534,1.131,4
0028-3045,"COMPUTER SCIENCE, HARDWARE & ARCHITECTURE",2096,1.121,4
0141-9331,"COMPUTER SCIENCE, HARDWARE & ARCHITECTURE",825,1.049,4
1936-7406,"COMPUTER SCIENCE, HARDWARE & ARCHITECTURE",263,1.014,4
0840-8688,"COMPUTER SCIENCE, HARDWARE & ARCHITECTURE",234,0.973,4
0018-8646,"COMPUTER SCIENCE, HARDWARE & ARCHITECTURE",3100,0.962,4
1553-3077,"COMPUTER SCIENCE, HARDWARE & ARCHITECTURE",354,0.927,4
1383-7621,"COMPUTER SCIENCE, HARDWARE & ARCHITECTURE",840,0.913,4
0167-9260,"COMPUTER SCIENCE, HARDWARE & ARCHITECTURE",609,0.906,4
1000-9000,"COMPUTER SCIENCE, HARDWARE & ARCHITECTURE",926,0.878,4
1084-4309,"COMPUTER SCIENCE, HARDWARE & ARCHITECTURE",621,0.87,4
0267-6192,"COMPUTER SCIENCE, HARDWARE & ARCHITECTURE",168,0.855,4
0925-1030,"COMPUTER SCIENCE, HARDWARE & ARCHITECTURE",1670,0.8,4
0010-4620,"COMPUTER SCIENCE, HARDWARE & ARCHITECTURE",3378,0.792,4
0288-3635,"COMPUTER SCIENCE, HARDWARE & ARCHITECTURE",282,0.722,4
1751-8601,"COMPUTER SCIENCE, HARDWARE & ARCHITECTURE",269,0.639,4
0218-1266,"COMPUTER SCIENCE, HARDWARE & ARCHITECTURE",805,0.595,4
0929-5585,"COMPUTER SCIENCE, HARDWARE & ARCHITECTURE",138,0.516,4
1745-1337,"COMPUTER SCIENCE, HARDWARE & ARCHITECTURE",1602,0.337,4
1553-877X,"COMPUTER SCIENCE, INFORMATION SYSTEMS",12217,20.23,1
1536-1284,"COMPUTER SCIENCE, INFORMATION SYSTEMS",6702,9.202,1
2168-7161,"COMPUTER SCIENCE, INFORMATION SYSTEMS",1066,7.928,1
0890-8044,"COMPUTER SCIENCE, INFORMATION SYSTEMS",3372,7.197,1
2327-4662,"COMPUTER SCIENCE, INFORMATION SYSTEMS",2205,5.863,1
0276-7783,"COMPUTER SCIENCE, INFORMATION SYSTEMS",15184,5.43,1
0268-3962,"COMPUTER SCIENCE, INFORMATION SYSTEMS",1170,4.535,1
1939-1374,"COMPUTER SCIENCE, INFORMATION SYSTEMS",1636,4.418,2
1545-5971,"COMPUTER SCIENCE, INFORMATION SYSTEMS",1692,4.41,2
1932-8184,"COMPUTER SCIENCE, INFORMATION SYSTEMS",3113,4.337,2
0963-8687,"COMPUTER SCIENCE, INFORMATION SYSTEMS",1464,4.313,2
0020-0255,"COMPUTER SCIENCE, INFORMATION SYSTEMS",25329,4.305,2
1067-5027,"COMPUTER SCIENCE, INFORMATION SYSTEMS",8713,4.27,2
1536-1233,"COMPUTER SCIENCE, INFORMATION SYSTEMS",7641,4.098,2
1520-9210,"COMPUTER SCIENCE, INFORMATION SYSTEMS",6203,3.977,2
1758-2946,"COMPUTER SCIENCE, INFORMATION SYSTEMS",2117,3.893,2
0378-7206,"COMPUTER SCIENCE, INFORMATION SYSTEMS",6406,3.89,2
2168-2194,"COMPUTER SCIENCE, INFORMATION SYSTEMS",2922,3.85,2
1066-2243,"COMPUTER SCIENCE, INFORMATION SYSTEMS",2062,3.838,2
1549-9596,"COMPUTER SCIENCE, INFORMATION SYSTEMS",14365,3.804,2
2168-6750,"COMPUTER SCIENCE, INFORMATION SYSTEMS",721,3.626,2
0146-4833,"COMPUTER SCIENCE, INFORMATION SYSTEMS",6892,3.577,2
0167-9236,"COMPUTER SCIENCE, INFORMATION SYSTEMS",8810,3.565,2
2169-3536,"COMPUTER SCIENCE, INFORMATION SYSTEMS",6291,3.557,2
0306-4573,"COMPUTER SCIENCE, INFORMATION SYSTEMS",3250,3.444,2
1932-4537,"COMPUTER SCIENCE, INFORMATION SYSTEMS",849,3.286,2
1387-3326,"COMPUTER SCIENCE, INFORMATION SYSTEMS",1470,3.232,2
0960-085X,"COMPUTER SCIENCE, INFORMATION SYSTEMS",2597,3.197,2
1570-8705,"COMPUTER SCIENCE, INFORMATION SYSTEMS",4462,3.151,2
1554-0669,"COMPUTER SCIENCE, INFORMATION SYSTEMS",255,3.125,3
2162-2337,"COMPUTER SCIENCE, INFORMATION SYSTEMS",2474,3.096,3
1536-1268,"COMPUTER SCIENCE, INFORMATION SYSTEMS",2048,3.022,3
1574-1192,"COMPUTER SCIENCE, INFORMATION SYSTEMS",1874,2.974,3
2157-6904,"COMPUTER SCIENCE, INFORMATION SYSTEMS",3392,2.973,3
1386-5056,"COMPUTER SCIENCE, INFORMATION SYSTEMS",4584,2.957,3
2325-6095,"COMPUTER SCIENCE, INFORMATION SYSTEMS",417,2.912,3
1536-9323,"COMPUTER SCIENCE, INFORMATION SYSTEMS",1842,2.839,3
2330-1635,"COMPUTER SCIENCE, INFORMATION SYSTEMS",1904,2.835,3
1570-7873,"COMPUTER SCIENCE, INFORMATION SYSTEMS",687,2.8,3
1041-4347,"COMPUTER SCIENCE, INFORMATION SYSTEMS",9373,2.775,3
0742-1222,"COMPUTER SCIENCE, INFORMATION SYSTEMS",4560,2.744,3
1943-0620,"COMPUTER SCIENCE, INFORMATION SYSTEMS",2340,2.742,3
1066-8888,"COMPUTER SCIENCE, INFORMATION SYSTEMS",2197,2.689,3
0167-4048,"COMPUTER SCIENCE, INFORMATION SYSTEMS",2630,2.65,3
0950-5849,"COMPUTER SCIENCE, INFORMATION SYSTEMS",3567,2.627,3
0140-3664,"COMPUTER SCIENCE, INFORMATION SYSTEMS",4814,2.613,3
1867-0202,"COMPUTER SCIENCE, INFORMATION SYSTEMS",696,2.596,3
1094-9224,"COMPUTER SCIENCE, INFORMATION SYSTEMS",843,2.591,3
1567-4223,"COMPUTER SCIENCE, INFORMATION SYSTEMS",1789,2.582,3
0306-4379,"COMPUTER SCIENCE, INFORMATION SYSTEMS",1790,2.551,3
1389-1286,"COMPUTER SCIENCE, INFORMATION SYSTEMS",9123,2.522,3
1383-469X,"COMPUTER SCIENCE, INFORMATION SYSTEMS",1810,2.497,3
1384-5810,"COMPUTER SCIENCE, INFORMATION SYSTEMS",2876,2.481,3
1365-8816,"COMPUTER SCIENCE, INFORMATION SYSTEMS",5019,2.37,3
1550-4859,"COMPUTER SCIENCE, INFORMATION SYSTEMS",1442,2.313,3
0219-1377,"COMPUTER SCIENCE, INFORMATION SYSTEMS",2343,2.247,3
1570-0844,"COMPUTER SCIENCE, INFORMATION SYSTEMS",522,2.224,3
1674-733X,"COMPUTER SCIENCE, INFORMATION SYSTEMS",2034,2.188,3
0018-9448,"COMPUTER SCIENCE, INFORMATION SYSTEMS",35751,2.187,3
1874-5482,"COMPUTER SCIENCE, INFORMATION SYSTEMS",350,2.15,3
1384-6175,"COMPUTER SCIENCE, INFORMATION SYSTEMS",660,2.091,3
1551-6857,"COMPUTER SCIENCE, INFORMATION SYSTEMS",781,2.019,3
1022-0038,"COMPUTER SCIENCE, INFORMATION SYSTEMS",2836,1.981,3
2192-1962,"COMPUTER SCIENCE, INFORMATION SYSTEMS",249,1.967,3
0165-5515,"COMPUTER SCIENCE, INFORMATION SYSTEMS",1792,1.939,3
1617-4909,"COMPUTER SCIENCE, INFORMATION SYSTEMS",2226,1.924,3
1070-986X,"COMPUTER SCIENCE, INFORMATION SYSTEMS",844,1.898,3
1047-3203,"COMPUTER SCIENCE, INFORMATION SYSTEMS",2744,1.836,3
1550-1477,"COMPUTER SCIENCE, INFORMATION SYSTEMS",4254,1.787,3
1742-2876,"COMPUTER SCIENCE, INFORMATION SYSTEMS",891,1.771,3
1046-8188,"COMPUTER SCIENCE, INFORMATION SYSTEMS",1582,1.767,3
0219-6220,"COMPUTER SCIENCE, INFORMATION SYSTEMS",852,1.755,3
1064-7570,"COMPUTER SCIENCE, INFORMATION SYSTEMS",351,1.75,3
0947-3602,"COMPUTER SCIENCE, INFORMATION SYSTEMS",526,1.75,3
0004-5411,"COMPUTER SCIENCE, INFORMATION SYSTEMS",6167,1.744,4
1533-5399,"COMPUTER SCIENCE, INFORMATION SYSTEMS",482,1.727,4
0942-4962,"COMPUTER SCIENCE, INFORMATION SYSTEMS",726,1.703,4
1751-7575,"COMPUTER SCIENCE, INFORMATION SYSTEMS",597,1.683,4
1468-4527,"COMPUTER SCIENCE, INFORMATION SYSTEMS",1218,1.675,4
1615-5262,"COMPUTER SCIENCE, INFORMATION SYSTEMS",526,1.658,4
1520-9202,"COMPUTER SCIENCE, INFORMATION SYSTEMS",592,1.618,4
1386-7857,"COMPUTER SCIENCE, INFORMATION SYSTEMS",1163,1.601,4
0887-4417,"COMPUTER SCIENCE, INFORMATION SYSTEMS",928,1.557,4
1380-7501,"COMPUTER SCIENCE, INFORMATION SYSTEMS",4753,1.541,4
0026-1270,"COMPUTER SCIENCE, INFORMATION SYSTEMS",1462,1.531,4
1936-6442,"COMPUTER SCIENCE, INFORMATION SYSTEMS",475,1.514,4
1556-4681,"COMPUTER SCIENCE, INFORMATION SYSTEMS",895,1.489,4
1386-4564,"COMPUTER SCIENCE, INFORMATION SYSTEMS",871,1.488,4
0169-023X,"COMPUTER SCIENCE, INFORMATION SYSTEMS",1520,1.467,4
2050-3806,"COMPUTER SCIENCE, INFORMATION SYSTEMS",193,1.461,4
1868-5137,"COMPUTER SCIENCE, INFORMATION SYSTEMS",515,1.423,4
1091-9392,"COMPUTER SCIENCE, INFORMATION SYSTEMS",321,1.421,4
0868-4952,"COMPUTER SCIENCE, INFORMATION SYSTEMS",462,1.386,4
1007-0214,"COMPUTER SCIENCE, INFORMATION SYSTEMS",850,1.365,4
1570-8268,"COMPUTER SCIENCE, INFORMATION SYSTEMS",961,1.348,4
1055-7148,"COMPUTER SCIENCE, INFORMATION SYSTEMS",242,1.34,4
1607-9264,"COMPUTER SCIENCE, INFORMATION SYSTEMS",747,1.301,4
1841-9836,"COMPUTER SCIENCE, INFORMATION SYSTEMS",752,1.29,4
0163-5808,"COMPUTER SCIENCE, INFORMATION SYSTEMS",1637,1.261,4
1058-0530,"COMPUTER SCIENCE, INFORMATION SYSTEMS",722,1.255,4
1229-2370,"COMPUTER SCIENCE, INFORMATION SYSTEMS",905,1.252,4
1540-7993,"COMPUTER SCIENCE, INFORMATION SYSTEMS",1410,1.239,4
1556-4665,"COMPUTER SCIENCE, INFORMATION SYSTEMS",420,1.216,4
1387-974X,"COMPUTER SCIENCE, INFORMATION SYSTEMS",476,1.203,4
2210-5379,"COMPUTER SCIENCE, INFORMATION SYSTEMS",175,1.196,4
0033-0337,"COMPUTER SCIENCE, INFORMATION SYSTEMS",473,1.17,4
1559-1131,"COMPUTER SCIENCE, INFORMATION SYSTEMS",582,1.163,4
1386-145X,"COMPUTER SCIENCE, INFORMATION SYSTEMS",614,1.15,4
1573-4277,"COMPUTER SCIENCE, INFORMATION SYSTEMS",363,1.113,4
0925-9902,"COMPUTER SCIENCE, INFORMATION SYSTEMS",794,1.107,4
2095-2228,"COMPUTER SCIENCE, INFORMATION SYSTEMS",456,1.105,4
1939-8018,"COMPUTER SCIENCE, INFORMATION SYSTEMS",747,1.088,4
1741-1106,"COMPUTER SCIENCE, INFORMATION SYSTEMS",142,1.071,4
0362-5915,"COMPUTER SCIENCE, INFORMATION SYSTEMS",1165,1,4
1361-4568,"COMPUTER SCIENCE, INFORMATION SYSTEMS",156,1,4
1073-0516,"COMPUTER SCIENCE, INFORMATION SYSTEMS",894,0.972,4
0730-9295,"COMPUTER SCIENCE, INFORMATION SYSTEMS",245,0.968,4
0018-8646,"COMPUTER SCIENCE, INFORMATION SYSTEMS",3100,0.962,4
1574-017X,"COMPUTER SCIENCE, INFORMATION SYSTEMS",531,0.958,4
0926-8782,"COMPUTER SCIENCE, INFORMATION SYSTEMS",320,0.925,4
2095-9184,"COMPUTER SCIENCE, INFORMATION SYSTEMS",237,0.91,4
1939-0114,"COMPUTER SCIENCE, INFORMATION SYSTEMS",1445,0.904,4
1751-8709,"COMPUTER SCIENCE, INFORMATION SYSTEMS",427,0.89,4
0001-5903,"COMPUTER SCIENCE, INFORMATION SYSTEMS",663,0.886,4
1748-1279,"COMPUTER SCIENCE, INFORMATION SYSTEMS",451,0.878,4
1876-1364,"COMPUTER SCIENCE, INFORMATION SYSTEMS",362,0.878,4
1530-8669,"COMPUTER SCIENCE, INFORMATION SYSTEMS",2946,0.869,4
1392-124X,"COMPUTER SCIENCE, INFORMATION SYSTEMS",229,0.8,4
0020-0190,"COMPUTER SCIENCE, INFORMATION SYSTEMS",3461,0.793,4
1552-6283,"COMPUTER SCIENCE, INFORMATION SYSTEMS",309,0.793,4
0010-4620,"COMPUTER SCIENCE, INFORMATION SYSTEMS",3378,0.792,4
1570-5838,"COMPUTER SCIENCE, INFORMATION SYSTEMS",165,0.774,4
1551-9899,"COMPUTER SCIENCE, INFORMATION SYSTEMS",308,0.753,4
1546-2234,"COMPUTER SCIENCE, INFORMATION SYSTEMS",189,0.744,4
1743-8225,"COMPUTER SCIENCE, INFORMATION SYSTEMS",357,0.648,4
1820-0214,"COMPUTER SCIENCE, INFORMATION SYSTEMS",359,0.613,4
1976-7277,"COMPUTER SCIENCE, INFORMATION SYSTEMS",790,0.611,4
1548-0992,"COMPUTER SCIENCE, INFORMATION SYSTEMS",999,0.502,4
1745-1361,"COMPUTER SCIENCE, INFORMATION SYSTEMS",1583,0.5,4
1683-3198,"COMPUTER SCIENCE, INFORMATION SYSTEMS",524,0.466,4
2471-2566,"COMPUTER SCIENCE, INFORMATION SYSTEMS",8,0.444,4
1545-7362,"COMPUTER SCIENCE, INFORMATION SYSTEMS",101,0.405,4
0988-3754,"COMPUTER SCIENCE, INFORMATION SYSTEMS",254,0.35,4
1745-1337,"COMPUTER SCIENCE, INFORMATION SYSTEMS",1602,0.337,4
1016-2364,"COMPUTER SCIENCE, INFORMATION SYSTEMS",598,0.327,4
0315-5986,"COMPUTER SCIENCE, INFORMATION SYSTEMS",419,0.257,4
1063-8016,"COMPUTER SCIENCE, INFORMATION SYSTEMS",169,0.231,4
0218-8430,"COMPUTER SCIENCE, INFORMATION SYSTEMS",185,0.2,4
1548-7660,"COMPUTER SCIENCE, INTERDISCIPLINARY APPLICATIONS",14900,22.737,1
1134-3060,"COMPUTER SCIENCE, INTERDISCIPLINARY APPLICATIONS",1523,6.605,1
0278-0062,"COMPUTER SCIENCE, INTERDISCIPLINARY APPLICATIONS",17837,6.131,1
1093-9687,"COMPUTER SCIENCE, INTERDISCIPLINARY APPLICATIONS",2583,5.475,1
1551-3203,"COMPUTER SCIENCE, INTERDISCIPLINARY APPLICATIONS",8513,5.43,1
1361-8415,"COMPUTER SCIENCE, INTERDISCIPLINARY APPLICATIONS",6383,5.356,2
0360-1315,"COMPUTER SCIENCE, INTERDISCIPLINARY APPLICATIONS",13146,4.538,2
1067-5027,"COMPUTER SCIENCE, INTERDISCIPLINARY APPLICATIONS",8713,4.27,2
1364-8152,"COMPUTER SCIENCE, INTERDISCIPLINARY APPLICATIONS",11551,4.177,2
1084-8045,"COMPUTER SCIENCE, INTERDISCIPLINARY APPLICATIONS",5072,3.991,2
1568-4946,"COMPUTER SCIENCE, INTERDISCIPLINARY APPLICATIONS",14474,3.907,2
1758-2946,"COMPUTER SCIENCE, INTERDISCIPLINARY APPLICATIONS",2117,3.893,2
1539-2791,"COMPUTER SCIENCE, INTERDISCIPLINARY APPLICATIONS",1104,3.852,2
2168-2194,"COMPUTER SCIENCE, INTERDISCIPLINARY APPLICATIONS",2922,3.85,2
1549-9596,"COMPUTER SCIENCE, INTERDISCIPLINARY APPLICATIONS",14365,3.804,2
0010-4655,"COMPUTER SCIENCE, INTERDISCIPLINARY APPLICATIONS",18470,3.748,2
1069-2509,"COMPUTER SCIENCE, INTERDISCIPLINARY APPLICATIONS",587,3.667,2
1751-1577,"COMPUTER SCIENCE, INTERDISCIPLINARY APPLICATIONS",2334,3.484,2
0736-5845,"COMPUTER SCIENCE, INTERDISCIPLINARY APPLICATIONS",3366,3.464,2
0894-4393,"COMPUTER SCIENCE, INTERDISCIPLINARY APPLICATIONS",1631,3.253,2
0965-9978,"COMPUTER SCIENCE, INTERDISCIPLINARY APPLICATIONS",3648,3.198,2
0360-8352,"COMPUTER SCIENCE, INTERDISCIPLINARY APPLICATIONS",9868,3.195,3
0266-352X,"COMPUTER SCIENCE, INTERDISCIPLINARY APPLICATIONS",5874,3.138,3
0098-1354,"COMPUTER SCIENCE, INTERDISCIPLINARY APPLICATIONS",11846,3.113,3
0305-0548,"COMPUTER SCIENCE, INTERDISCIPLINARY APPLICATIONS",11297,2.962,3
0263-5577,"COMPUTER SCIENCE, INTERDISCIPLINARY APPLICATIONS",2990,2.948,3
0045-7949,"COMPUTER SCIENCE, INTERDISCIPLINARY APPLICATIONS",13157,2.887,3
1532-0464,"COMPUTER SCIENCE, INTERDISCIPLINARY APPLICATIONS",5871,2.882,3
1615-147X,"COMPUTER SCIENCE, INTERDISCIPLINARY APPLICATIONS",6629,2.876,3
0021-9991,"COMPUTER SCIENCE, INTERDISCIPLINARY APPLICATIONS",47028,2.864,3
0166-3615,"COMPUTER SCIENCE, INTERDISCIPLINARY APPLICATIONS",3183,2.85,3
2213-1337,"COMPUTER SCIENCE, INTERDISCIPLINARY APPLICATIONS",407,2.754,3
1420-0597,"COMPUTER SCIENCE, INTERDISCIPLINARY APPLICATIONS",1795,2.726,3
0169-2607,"COMPUTER SCIENCE, INTERDISCIPLINARY APPLICATIONS",5915,2.674,3
1567-4223,"COMPUTER SCIENCE, INTERDISCIPLINARY APPLICATIONS",1789,2.582,3
0340-6253,"COMPUTER SCIENCE, INTERDISCIPLINARY APPLICATIONS",2239,2.58,3
0098-3004,"COMPUTER SCIENCE, INTERDISCIPLINARY APPLICATIONS",9535,2.567,3
1545-5963,"COMPUTER SCIENCE, INTERDISCIPLINARY APPLICATIONS",2296,2.428,3
0168-1699,"COMPUTER SCIENCE, INTERDISCIPLINARY APPLICATIONS",6518,2.427,3
1432-7643,"COMPUTER SCIENCE, INTERDISCIPLINARY APPLICATIONS",4456,2.367,3
0920-654X,"COMPUTER SCIENCE, INTERDISCIPLINARY APPLICATIONS",3853,2.356,3
1062-936X,"COMPUTER SCIENCE, INTERDISCIPLINARY APPLICATIONS",946,2.227,3
0045-7930,"COMPUTER SCIENCE, INTERDISCIPLINARY APPLICATIONS",8975,2.221,3
0138-9130,"COMPUTER SCIENCE, INTERDISCIPLINARY APPLICATIONS",8766,2.173,3
0010-4825,"COMPUTER SCIENCE, INTERDISCIPLINARY APPLICATIONS",4649,2.115,3
1569-190X,"COMPUTER SCIENCE, INTERDISCIPLINARY APPLICATIONS",2371,2.092,3
0278-0070,"COMPUTER SCIENCE, INTERDISCIPLINARY APPLICATIONS",4913,2.089,3
1094-3420,"COMPUTER SCIENCE, INTERDISCIPLINARY APPLICATIONS",829,2.015,3
1875-6891,"COMPUTER SCIENCE, INTERDISCIPLINARY APPLICATIONS",974,2,3
0951-192X,"COMPUTER SCIENCE, INTERDISCIPLINARY APPLICATIONS",1749,1.995,3
1025-5842,"COMPUTER SCIENCE, INTERDISCIPLINARY APPLICATIONS",2564,1.974,3
0140-0118,"COMPUTER SCIENCE, INTERDISCIPLINARY APPLICATIONS",5422,1.971,3
1868-1743,"COMPUTER SCIENCE, INTERDISCIPLINARY APPLICATIONS",1003,1.955,4
0177-0667,"COMPUTER SCIENCE, INTERDISCIPLINARY APPLICATIONS",1086,1.951,4
1877-7503,"COMPUTER SCIENCE, INTERDISCIPLINARY APPLICATIONS",1136,1.925,4
1093-3263,"COMPUTER SCIENCE, INTERDISCIPLINARY APPLICATIONS",6519,1.885,4
1939-1382,"COMPUTER SCIENCE, INTERDISCIPLINARY APPLICATIONS",623,1.869,4
0887-3801,"COMPUTER SCIENCE, INTERDISCIPLINARY APPLICATIONS",2256,1.798,4
1464-7141,"COMPUTER SCIENCE, INTERDISCIPLINARY APPLICATIONS",1307,1.797,4
1742-2876,"COMPUTER SCIENCE, INTERDISCIPLINARY APPLICATIONS",891,1.771,4
0219-6220,"COMPUTER SCIENCE, INTERDISCIPLINARY APPLICATIONS",852,1.755,4
0045-7906,"COMPUTER SCIENCE, INTERDISCIPLINARY APPLICATIONS",2473,1.747,4
0271-2091,"COMPUTER SCIENCE, INTERDISCIPLINARY APPLICATIONS",6641,1.673,4
1598-8198,"COMPUTER SCIENCE, INTERDISCIPLINARY APPLICATIONS",839,1.637,4
1865-0473,"COMPUTER SCIENCE, INTERDISCIPLINARY APPLICATIONS",326,1.628,4
1530-9827,"COMPUTER SCIENCE, INTERDISCIPLINARY APPLICATIONS",752,1.588,4
0167-6393,"COMPUTER SCIENCE, INTERDISCIPLINARY APPLICATIONS",3266,1.585,4
1610-2940,"COMPUTER SCIENCE, INTERDISCIPLINARY APPLICATIONS",5603,1.507,4
2167-6461,"COMPUTER SCIENCE, INTERDISCIPLINARY APPLICATIONS",294,1.489,4
0378-4754,"COMPUTER SCIENCE, INTERDISCIPLINARY APPLICATIONS",3426,1.476,4
1063-293X,"COMPUTER SCIENCE, INTERDISCIPLINARY APPLICATIONS",497,1.456,4
1091-9392,"COMPUTER SCIENCE, INTERDISCIPLINARY APPLICATIONS",321,1.421,4
1476-9271,"COMPUTER SCIENCE, INTERDISCIPLINARY APPLICATIONS",1076,1.412,4
1091-9856,"COMPUTER SCIENCE, INTERDISCIPLINARY APPLICATIONS",1607,1.392,4
1359-4338,"COMPUTER SCIENCE, INTERDISCIPLINARY APPLICATIONS",377,1.375,4
2073-4859,"COMPUTER SCIENCE, INTERDISCIPLINARY APPLICATIONS",670,1.371,4
0891-2017,"COMPUTER SCIENCE, INTERDISCIPLINARY APPLICATIONS",1864,1.319,4
1096-4290,"COMPUTER SCIENCE, INTERDISCIPLINARY APPLICATIONS",780,1.306,4
1747-7778,"COMPUTER SCIENCE, INTERDISCIPLINARY APPLICATIONS",381,1.218,4
1066-5277,"COMPUTER SCIENCE, INTERDISCIPLINARY APPLICATIONS",3389,1.191,4
0167-9473,"COMPUTER SCIENCE, INTERDISCIPLINARY APPLICATIONS",7972,1.181,4
0264-4401,"COMPUTER SCIENCE, INTERDISCIPLINARY APPLICATIONS",1714,1.177,4
0257-0130,"COMPUTER SCIENCE, INTERDISCIPLINARY APPLICATIONS",1297,1.171,4
1061-3773,"COMPUTER SCIENCE, INTERDISCIPLINARY APPLICATIONS",703,1.153,4
1521-9615,"COMPUTER SCIENCE, INTERDISCIPLINARY APPLICATIONS",3025,1.074,4
1538-2931,"COMPUTER SCIENCE, INTERDISCIPLINARY APPLICATIONS",731,1.056,4
0890-0604,"COMPUTER SCIENCE, INTERDISCIPLINARY APPLICATIONS",703,1.045,4
0929-8215,"COMPUTER SCIENCE, INTERDISCIPLINARY APPLICATIONS",516,0.979,4
1343-8875,"COMPUTER SCIENCE, INTERDISCIPLINARY APPLICATIONS",513,0.971,4
0037-5497,"COMPUTER SCIENCE, INTERDISCIPLINARY APPLICATIONS",1278,0.94,4
1049-3301,"COMPUTER SCIENCE, INTERDISCIPLINARY APPLICATIONS",598,0.931,4
1382-6905,"COMPUTER SCIENCE, INTERDISCIPLINARY APPLICATIONS",1094,0.927,4
0129-1831,"COMPUTER SCIENCE, INTERDISCIPLINARY APPLICATIONS",1903,0.919,4
0094-9655,"COMPUTER SCIENCE, INTERDISCIPLINARY APPLICATIONS",2418,0.869,4
1932-1864,"COMPUTER SCIENCE, INTERDISCIPLINARY APPLICATIONS",336,0.865,4
1573-4099,"COMPUTER SCIENCE, INTERDISCIPLINARY APPLICATIONS",391,0.77,4
0925-9724,"COMPUTER SCIENCE, INTERDISCIPLINARY APPLICATIONS",547,0.725,4
1574-020X,"COMPUTER SCIENCE, INTERDISCIPLINARY APPLICATIONS",422,0.656,4
1381-298X,"COMPUTER SCIENCE, INTERDISCIPLINARY APPLICATIONS",423,0.641,4
1387-3954,"COMPUTER SCIENCE, INTERDISCIPLINARY APPLICATIONS",381,0.586,4
0148-9267,"COMPUTER SCIENCE, INTERDISCIPLINARY APPLICATIONS",472,0.568,4
0218-2130,"COMPUTER SCIENCE, INTERDISCIPLINARY APPLICATIONS",411,0.565,4
0332-1649,"COMPUTER SCIENCE, INTERDISCIPLINARY APPLICATIONS",773,0.534,4
1556-4673,"COMPUTER SCIENCE, INTERDISCIPLINARY APPLICATIONS",105,0.529,4
0938-1279,"COMPUTER SCIENCE, INTERDISCIPLINARY APPLICATIONS",331,0.464,4
1939-1374,"COMPUTER SCIENCE, SOFTWARE ENGINEERING",1636,4.418,1
1545-5971,"COMPUTER SCIENCE, SOFTWARE ENGINEERING",1692,4.41,1
0730-0301,"COMPUTER SCIENCE, SOFTWARE ENGINEERING",16424,4.384,1
1084-8045,"COMPUTER SCIENCE, SOFTWARE ENGINEERING",5072,3.991,1
1520-9210,"COMPUTER SCIENCE, SOFTWARE ENGINEERING",6203,3.977,1
0098-5589,"COMPUTER SCIENCE, SOFTWARE ENGINEERING",6343,3.331,2
0965-9978,"COMPUTER SCIENCE, SOFTWARE ENGINEERING",3648,3.198,2
1077-2626,"COMPUTER SCIENCE, SOFTWARE ENGINEERING",7603,3.078,2
0001-0782,"COMPUTER SCIENCE, SOFTWARE ENGINEERING",17147,3.063,2
0010-4485,"COMPUTER SCIENCE, SOFTWARE ENGINEERING",5323,2.947,2
1382-3256,"COMPUTER SCIENCE, SOFTWARE ENGINEERING",1596,2.933,2
0098-3500,"COMPUTER SCIENCE, SOFTWARE ENGINEERING",3702,2.905,2
0740-7459,"COMPUTER SCIENCE, SOFTWARE ENGINEERING",2560,2.879,2
0018-9529,"COMPUTER SCIENCE, SOFTWARE ENGINEERING",5490,2.729,2
0025-5610,"COMPUTER SCIENCE, SOFTWARE ENGINEERING",8828,2.665,2
0950-5849,"COMPUTER SCIENCE, SOFTWARE ENGINEERING",3567,2.627,2
1086-4415,"COMPUTER SCIENCE, SOFTWARE ENGINEERING",1843,2.514,2
1936-4954,"COMPUTER SCIENCE, SOFTWARE ENGINEERING",3184,2.361,2
0164-1212,"COMPUTER SCIENCE, SOFTWARE ENGINEERING",4992,2.278,2
0262-8856,"COMPUTER SCIENCE, SOFTWARE ENGINEERING",5280,2.159,2
1569-190X,"COMPUTER SCIENCE, SOFTWARE ENGINEERING",2371,2.092,3
0167-7055,"COMPUTER SCIENCE, SOFTWARE ENGINEERING",6015,2.046,3
1551-6857,"COMPUTER SCIENCE, SOFTWARE ENGINEERING",781,2.019,3
1049-331X,"COMPUTER SCIENCE, SOFTWARE ENGINEERING",919,1.946,3
0018-9162,"COMPUTER SCIENCE, SOFTWARE ENGINEERING",6201,1.94,3
1089-7801,"COMPUTER SCIENCE, SOFTWARE ENGINEERING",2248,1.929,3
0924-9907,"COMPUTER SCIENCE, SOFTWARE ENGINEERING",2049,1.927,3
0272-1732,"COMPUTER SCIENCE, SOFTWARE ENGINEERING",1499,1.913,3
1070-986X,"COMPUTER SCIENCE, SOFTWARE ENGINEERING",844,1.898,3
1477-8424,"COMPUTER SCIENCE, SOFTWARE ENGINEERING",166,1.84,3
1047-3203,"COMPUTER SCIENCE, SOFTWARE ENGINEERING",2744,1.836,3
0928-8910,"COMPUTER SCIENCE, SOFTWARE ENGINEERING",337,1.806,3
0947-3602,"COMPUTER SCIENCE, SOFTWARE ENGINEERING",526,1.75,3
0004-5411,"COMPUTER SCIENCE, SOFTWARE ENGINEERING",6167,1.744,3
1533-5399,"COMPUTER SCIENCE, SOFTWARE ENGINEERING",482,1.727,3
1619-1366,"COMPUTER SCIENCE, SOFTWARE ENGINEERING",718,1.722,3
1615-5262,"COMPUTER SCIENCE, SOFTWARE ENGINEERING",526,1.658,3
0272-1716,"COMPUTER SCIENCE, SOFTWARE ENGINEERING",2234,1.64,3
1520-9202,"COMPUTER SCIENCE, SOFTWARE ENGINEERING",592,1.618,3
0963-9314,"COMPUTER SCIENCE, SOFTWARE ENGINEERING",508,1.596,3
0960-0833,"COMPUTER SCIENCE, SOFTWARE ENGINEERING",579,1.556,3
1380-7501,"COMPUTER SCIENCE, SOFTWARE ENGINEERING",4753,1.541,3
0167-8396,"COMPUTER SCIENCE, SOFTWARE ENGINEERING",1517,1.522,3
0065-2458,"COMPUTER SCIENCE, SOFTWARE ENGINEERING",397,1.514,3
1556-4681,"COMPUTER SCIENCE, SOFTWARE ENGINEERING",895,1.489,3
0378-4754,"COMPUTER SCIENCE, SOFTWARE ENGINEERING",3426,1.476,3
0920-5489,"COMPUTER SCIENCE, SOFTWARE ENGINEERING",1259,1.465,3
0006-3835,"COMPUTER SCIENCE, SOFTWARE ENGINEERING",1889,1.425,3
1359-4338,"COMPUTER SCIENCE, SOFTWARE ENGINEERING",377,1.375,3
1007-0214,"COMPUTER SCIENCE, SOFTWARE ENGINEERING",850,1.365,3
1570-8268,"COMPUTER SCIENCE, SOFTWARE ENGINEERING",961,1.348,3
1058-9244,"COMPUTER SCIENCE, SOFTWARE ENGINEERING",448,1.344,3
0038-0644,"COMPUTER SCIENCE, SOFTWARE ENGINEERING",1745,1.338,4
0163-5808,"COMPUTER SCIENCE, SOFTWARE ENGINEERING",1637,1.261,4
1540-7993,"COMPUTER SCIENCE, SOFTWARE ENGINEERING",1410,1.239,4
0097-8493,"COMPUTER SCIENCE, SOFTWARE ENGINEERING",1959,1.2,4
1055-6788,"COMPUTER SCIENCE, SOFTWARE ENGINEERING",1681,1.183,4
2047-7473,"COMPUTER SCIENCE, SOFTWARE ENGINEERING",372,1.167,4
1559-1131,"COMPUTER SCIENCE, SOFTWARE ENGINEERING",582,1.163,4
1539-9087,"COMPUTER SCIENCE, SOFTWARE ENGINEERING",1214,1.156,4
1386-145X,"COMPUTER SCIENCE, SOFTWARE ENGINEERING",614,1.15,4
1532-0626,"COMPUTER SCIENCE, SOFTWARE ENGINEERING",2157,1.114,4
2095-2228,"COMPUTER SCIENCE, SOFTWARE ENGINEERING",456,1.105,4
1433-2779,"COMPUTER SCIENCE, SOFTWARE ENGINEERING",414,1.077,4
1741-1106,"COMPUTER SCIENCE, SOFTWARE ENGINEERING",142,1.071,4
0948-695X,"COMPUTER SCIENCE, SOFTWARE ENGINEERING",1079,1.066,4
0178-2789,"COMPUTER SCIENCE, SOFTWARE ENGINEERING",1829,1.036,4
1524-0703,"COMPUTER SCIENCE, SOFTWARE ENGINEERING",868,1.019,4
0362-5915,"COMPUTER SCIENCE, SOFTWARE ENGINEERING",1165,1,4
1042-9832,"COMPUTER SCIENCE, SOFTWARE ENGINEERING",1450,0.985,4
1045-926X,"COMPUTER SCIENCE, SOFTWARE ENGINEERING",652,0.971,4
1544-3558,"COMPUTER SCIENCE, SOFTWARE ENGINEERING",499,0.962,4
0018-8646,"COMPUTER SCIENCE, SOFTWARE ENGINEERING",3100,0.962,4
1751-8806,"COMPUTER SCIENCE, SOFTWARE ENGINEERING",264,0.947,4
0037-5497,"COMPUTER SCIENCE, SOFTWARE ENGINEERING",1278,0.94,4
1553-3077,"COMPUTER SCIENCE, SOFTWARE ENGINEERING",354,0.927,4
1473-8716,"COMPUTER SCIENCE, SOFTWARE ENGINEERING",542,0.923,4
1383-7621,"COMPUTER SCIENCE, SOFTWARE ENGINEERING",840,0.913,4
2095-9184,"COMPUTER SCIENCE, SOFTWARE ENGINEERING",237,0.91,4
1943-068X,"COMPUTER SCIENCE, SOFTWARE ENGINEERING",401,0.897,4
1000-9000,"COMPUTER SCIENCE, SOFTWARE ENGINEERING",926,0.878,4
1471-0684,"COMPUTER SCIENCE, SOFTWARE ENGINEERING",403,0.875,4
1084-4309,"COMPUTER SCIENCE, SOFTWARE ENGINEERING",621,0.87,4
0934-5043,"COMPUTER SCIENCE, SOFTWARE ENGINEERING",384,0.845,4
0010-4620,"COMPUTER SCIENCE, SOFTWARE ENGINEERING",3378,0.792,4
1548-3924,"COMPUTER SCIENCE, SOFTWARE ENGINEERING",184,0.781,4
0164-0925,"COMPUTER SCIENCE, SOFTWARE ENGINEERING",1080,0.759,4
0167-6423,"COMPUTER SCIENCE, SOFTWARE ENGINEERING",1330,0.74,4
0169-2968,"COMPUTER SCIENCE, SOFTWARE ENGINEERING",1570,0.725,4
0956-7968,"COMPUTER SCIENCE, SOFTWARE ENGINEERING",376,0.703,4
1546-4261,"COMPUTER SCIENCE, SOFTWARE ENGINEERING",424,0.697,4
0178-4617,"COMPUTER SCIENCE, SOFTWARE ENGINEERING",1940,0.667,4
1820-0214,"COMPUTER SCIENCE, SOFTWARE ENGINEERING",359,0.613,4
1462-7264,"COMPUTER SCIENCE, SOFTWARE ENGINEERING",362,0.569,4
0219-6913,"COMPUTER SCIENCE, SOFTWARE ENGINEERING",368,0.54,4
0929-5585,"COMPUTER SCIENCE, SOFTWARE ENGINEERING",138,0.516,4
1745-1361,"COMPUTER SCIENCE, SOFTWARE ENGINEERING",1583,0.5,4
1054-7460,"COMPUTER SCIENCE, SOFTWARE ENGINEERING",1590,0.426,4
1545-7362,"COMPUTER SCIENCE, SOFTWARE ENGINEERING",101,0.405,4
0218-1940,"COMPUTER SCIENCE, SOFTWARE ENGINEERING",360,0.397,4
1389-6911,"COMPUTER SCIENCE, SOFTWARE ENGINEERING",45,0.313,4
1540-9589,"COMPUTER SCIENCE, SOFTWARE ENGINEERING",95,0.311,4
0361-7688,"COMPUTER SCIENCE, SOFTWARE ENGINEERING",135,0.267,4
1063-8016,"COMPUTER SCIENCE, SOFTWARE ENGINEERING",169,0.231,4
1089-778X,"COMPUTER SCIENCE, THEORY & METHODS",10682,8.124,1
2162-237X,"COMPUTER SCIENCE, THEORY & METHODS",19867,7.982,1
2168-7161,"COMPUTER SCIENCE, THEORY & METHODS",1066,7.928,1
1566-2535,"COMPUTER SCIENCE, THEORY & METHODS",3303,6.639,1
1556-6013,"COMPUTER SCIENCE, THEORY & METHODS",7294,5.824,1
0360-0300,"COMPUTER SCIENCE, THEORY & METHODS",6593,5.55,2
0167-739X,"COMPUTER SCIENCE, THEORY & METHODS",6410,4.639,2
1045-9219,"COMPUTER SCIENCE, THEORY & METHODS",8848,3.971,2
2210-6502,"COMPUTER SCIENCE, THEORY & METHODS",1517,3.818,2
0737-0024,"COMPUTER SCIENCE, THEORY & METHODS",1278,3.379,2
1387-3326,"COMPUTER SCIENCE, THEORY & METHODS",1470,3.232,2
1063-6692,"COMPUTER SCIENCE, THEORY & METHODS",7390,3.11,2
0001-0782,"COMPUTER SCIENCE, THEORY & METHODS",17147,3.063,2
1615-3375,"COMPUTER SCIENCE, THEORY & METHODS",1402,3.056,2
0308-1079,"COMPUTER SCIENCE, THEORY & METHODS",1521,2.931,2
2325-6095,"COMPUTER SCIENCE, THEORY & METHODS",417,2.912,2
1570-7873,"COMPUTER SCIENCE, THEORY & METHODS",687,2.8,2
0165-0114,"COMPUTER SCIENCE, THEORY & METHODS",15853,2.675,2
0169-2607,"COMPUTER SCIENCE, THEORY & METHODS",5915,2.674,2
1063-6560,"COMPUTER SCIENCE, THEORY & METHODS",2629,2.388,2
0164-1212,"COMPUTER SCIENCE, THEORY & METHODS",4992,2.278,3
1758-0366,"COMPUTER SCIENCE, THEORY & METHODS",590,2.266,3
1570-0844,"COMPUTER SCIENCE, THEORY & METHODS",522,2.224,3
0020-7721,"COMPUTER SCIENCE, THEORY & METHODS",4591,2.185,3
0262-8856,"COMPUTER SCIENCE, THEORY & METHODS",5280,2.159,3
0923-6082,"COMPUTER SCIENCE, THEORY & METHODS",659,2.088,3
1551-6857,"COMPUTER SCIENCE, THEORY & METHODS",781,2.019,3
1094-3420,"COMPUTER SCIENCE, THEORY & METHODS",829,2.015,3
1942-4787,"COMPUTER SCIENCE, THEORY & METHODS",547,1.939,3
1877-7503,"COMPUTER SCIENCE, THEORY & METHODS",1136,1.925,3
1070-986X,"COMPUTER SCIENCE, THEORY & METHODS",844,1.898,3
0960-3174,"COMPUTER SCIENCE, THEORY & METHODS",3607,1.851,3
0743-7315,"COMPUTER SCIENCE, THEORY & METHODS",2729,1.815,3
0166-5316,"COMPUTER SCIENCE, THEORY & METHODS",1418,1.786,3
0734-2071,"COMPUTER SCIENCE, THEORY & METHODS",1172,1.76,3
0004-5411,"COMPUTER SCIENCE, THEORY & METHODS",6167,1.744,3
0942-4962,"COMPUTER SCIENCE, THEORY & METHODS",726,1.703,3
1615-5262,"COMPUTER SCIENCE, THEORY & METHODS",526,1.658,3
0010-485X,"COMPUTER SCIENCE, THEORY & METHODS",1877,1.654,3
1386-7857,"COMPUTER SCIENCE, THEORY & METHODS",1163,1.601,3
1533-7146,"COMPUTER SCIENCE, THEORY & METHODS",1476,1.601,3
0922-6443,"COMPUTER SCIENCE, THEORY & METHODS",697,1.595,3
1380-7501,"COMPUTER SCIENCE, THEORY & METHODS",4753,1.541,3
0920-8542,"COMPUTER SCIENCE, THEORY & METHODS",2421,1.532,3
0022-0000,"COMPUTER SCIENCE, THEORY & METHODS",3760,1.497,3
2167-6461,"COMPUTER SCIENCE, THEORY & METHODS",294,1.489,3
1389-2576,"COMPUTER SCIENCE, THEORY & METHODS",307,1.455,3
0266-4720,"COMPUTER SCIENCE, THEORY & METHODS",568,1.43,3
1556-4665,"COMPUTER SCIENCE, THEORY & METHODS",420,1.216,3
1936-2447,"COMPUTER SCIENCE, THEORY & METHODS",160,1.213,3
1544-3566,"COMPUTER SCIENCE, THEORY & METHODS",534,1.131,3
1381-1231,"COMPUTER SCIENCE, THEORY & METHODS",1122,1.129,4
1532-0626,"COMPUTER SCIENCE, THEORY & METHODS",2157,1.114,4
0925-1022,"COMPUTER SCIENCE, THEORY & METHODS",1615,1.114,4
2095-2228,"COMPUTER SCIENCE, THEORY & METHODS",456,1.105,4
0960-1295,"COMPUTER SCIENCE, THEORY & METHODS",588,1.094,4
0890-5401,"COMPUTER SCIENCE, THEORY & METHODS",2119,1.077,4
0948-695X,"COMPUTER SCIENCE, THEORY & METHODS",1079,1.066,4
0933-2790,"COMPUTER SCIENCE, THEORY & METHODS",1081,1.056,4
0141-9331,"COMPUTER SCIENCE, THEORY & METHODS",825,1.049,4
1548-7199,"COMPUTER SCIENCE, THEORY & METHODS",224,1.022,4
0018-8646,"COMPUTER SCIENCE, THEORY & METHODS",3100,0.962,4
0167-8191,"COMPUTER SCIENCE, THEORY & METHODS",1607,0.938,4
0954-0091,"COMPUTER SCIENCE, THEORY & METHODS",326,0.933,4
0926-8782,"COMPUTER SCIENCE, THEORY & METHODS",320,0.925,4
0097-5397,"COMPUTER SCIENCE, THEORY & METHODS",5365,0.902,4
1064-5462,"COMPUTER SCIENCE, THEORY & METHODS",721,0.897,4
0885-7458,"COMPUTER SCIENCE, THEORY & METHODS",406,0.897,4
1751-8709,"COMPUTER SCIENCE, THEORY & METHODS",427,0.89,4
1471-0684,"COMPUTER SCIENCE, THEORY & METHODS",403,0.875,4
1567-7818,"COMPUTER SCIENCE, THEORY & METHODS",743,0.86,4
0267-6192,"COMPUTER SCIENCE, THEORY & METHODS",168,0.855,4
0178-2770,"COMPUTER SCIENCE, THEORY & METHODS",575,0.84,4
0925-9856,"COMPUTER SCIENCE, THEORY & METHODS",407,0.825,4
0010-4620,"COMPUTER SCIENCE, THEORY & METHODS",3378,0.792,4
1570-5838,"COMPUTER SCIENCE, THEORY & METHODS",165,0.774,4
0304-3975,"COMPUTER SCIENCE, THEORY & METHODS",7694,0.772,4
0747-7171,"COMPUTER SCIENCE, THEORY & METHODS",1897,0.755,4
0955-792X,"COMPUTER SCIENCE, THEORY & METHODS",732,0.74,4
0219-7499,"COMPUTER SCIENCE, THEORY & METHODS",922,0.738,4
1529-3785,"COMPUTER SCIENCE, THEORY & METHODS",421,0.731,4
0288-3635,"COMPUTER SCIENCE, THEORY & METHODS",282,0.722,4
0963-5483,"COMPUTER SCIENCE, THEORY & METHODS",922,0.705,4
0179-5376,"COMPUTER SCIENCE, THEORY & METHODS",1839,0.672,4
1383-7133,"COMPUTER SCIENCE, THEORY & METHODS",262,0.66,4
1549-6325,"COMPUTER SCIENCE, THEORY & METHODS",591,0.652,4
0127-9084,"COMPUTER SCIENCE, THEORY & METHODS",102,0.65,4
1751-8601,"COMPUTER SCIENCE, THEORY & METHODS",269,0.639,4
2352-2208,"COMPUTER SCIENCE, THEORY & METHODS",93,0.634,4
1058-6180,"COMPUTER SCIENCE, THEORY & METHODS",283,0.619,4
1930-5346,"COMPUTER SCIENCE, THEORY & METHODS",196,0.564,4
1064-2307,"COMPUTER SCIENCE, THEORY & METHODS",460,0.554,4
1557-5969,"COMPUTER SCIENCE, THEORY & METHODS",93,0.511,4
1860-5974,"COMPUTER SCIENCE, THEORY & METHODS",482,0.508,4
1016-3328,"COMPUTER SCIENCE, THEORY & METHODS",460,0.487,4
0938-1279,"COMPUTER SCIENCE, THEORY & METHODS",331,0.464,4
1432-4350,"COMPUTER SCIENCE, THEORY & METHODS",594,0.458,4
1542-3980,"COMPUTER SCIENCE, THEORY & METHODS",380,0.437,4
0032-9460,"COMPUTER SCIENCE, THEORY & METHODS",579,0.359,4
0129-0541,"COMPUTER SCIENCE, THEORY & METHODS",506,0.353,4
0161-1194,"COMPUTER SCIENCE, THEORY & METHODS",172,0.326,4
1540-9589,"COMPUTER SCIENCE, THEORY & METHODS",95,0.311,4
1453-8245,"COMPUTER SCIENCE, THEORY & METHODS",136,0.288,4
